AAA,AAC,0.0,1.0
AAA,AAG,1.0,0.0
AAA,AAT,0.0,1.0
AAA,ACA,0.0,1.0
AAA,ACC,0.5,1.5
AAA,ACG,1.0,1.0
AAA,ACT,0.5,1.5
AAA,AGA,0.0,1.0
AAA,AGC,0.0,2.0
AAA,AGG,1.0,1.0
AAA,AGT,0.0,2.0
AAA,ATA,0.0,1.0
AAA,ATC,0.5,1.5
AAA,ATG,0.5,1.5
AAA,ATT,0.5,1.5
AAA,CAA,0.0,1.0
AAA,CAC,0.0,2.0
AAA,CAG,1.0,1.0
AAA,CAT,0.0,2.0
AAA,CCA,0.0,2.0
AAA,CCC,0.5,2.5
AAA,CCG,1.0,2.0
AAA,CCT,0.5,2.5
AAA,CGA,0.5,1.5
AAA,CGC,0.5,2.5
AAA,CGG,1.5,1.5
AAA,CGT,0.5,2.5
AAA,CTA,0.0,2.0
AAA,CTC,0.5,2.5
AAA,CTG,0.8333333333333334,2.1666666666666665
AAA,CTT,0.5,2.5
AAA,GAA,0.0,1.0
AAA,GAC,0.0,2.0
AAA,GAG,1.0,1.0
AAA,GAT,0.0,2.0
AAA,GCA,0.0,2.0
AAA,GCC,0.5,2.5
AAA,GCG,1.0,2.0
AAA,GCT,0.5,2.5
AAA,GGA,0.0,2.0
AAA,GGC,0.3333333333333333,2.6666666666666665
AAA,GGG,1.0,2.0
AAA,GGT,0.3333333333333333,2.6666666666666665
AAA,GTA,0.0,2.0
AAA,GTC,0.5,2.5
AAA,GTG,0.8333333333333334,2.1666666666666665
AAA,GTT,0.5,2.5
AAA,TAA,0.0,1.0
AAA,TAC,0.0,2.0
AAA,TAG,1.0,1.0
AAA,TAT,0.0,2.0
AAA,TCA,0.0,2.0
AAA,TCC,0.5,2.5
AAA,TCG,1.0,2.0
AAA,TCT,0.5,2.5
AAA,TGA,0.5,1.5
AAA,TGC,0.16666666666666666,2.8333333333333335
AAA,TGG,0.8333333333333334,2.1666666666666665
AAA,TGT,0.16666666666666666,2.8333333333333335
AAA,TTA,0.0,2.0
AAA,TTC,0.16666666666666666,2.8333333333333335
AAA,TTG,0.8333333333333334,2.1666666666666665
AAA,TTT,0.16666666666666666,2.8333333333333335
AAC,AAA,0.0,1.0
AAC,AAG,0.0,1.0
AAC,AAT,1.0,0.0
AAC,ACA,0.5,1.5
AAC,ACC,0.0,1.0
AAC,ACG,0.5,1.5
AAC,ACT,1.0,1.0
AAC,AGA,0.0,2.0
AAC,AGC,0.0,1.0
AAC,AGG,0.0,2.0
AAC,AGT,1.0,1.0
AAC,ATA,0.5,1.5
AAC,ATC,0.0,1.0
AAC,ATG,0.0,2.0
AAC,ATT,1.0,1.0
AAC,CAA,0.0,2.0
AAC,CAC,0.0,1.0
AAC,CAG,0.0,2.0
AAC,CAT,1.0,1.0
AAC,CCA,0.5,2.5
AAC,CCC,0.0,2.0
AAC,CCG,0.5,2.5
AAC,CCT,1.0,2.0
AAC,CGA,0.6666666666666666,2.3333333333333335
AAC,CGC,0.0,2.0
AAC,CGG,0.6666666666666666,2.3333333333333335
AAC,CGT,1.0,2.0
AAC,CTA,0.5,2.5
AAC,CTC,0.0,2.0
AAC,CTG,0.3333333333333333,2.6666666666666665
AAC,CTT,1.0,2.0
AAC,GAA,0.0,2.0
AAC,GAC,0.0,1.0
AAC,GAG,0.0,2.0
AAC,GAT,1.0,1.0
AAC,GCA,0.5,2.5
AAC,GCC,0.0,2.0
AAC,GCG,0.5,2.5
AAC,GCT,1.0,2.0
AAC,GGA,0.3333333333333333,2.6666666666666665
AAC,GGC,0.0,2.0
AAC,GGG,0.3333333333333333,2.6666666666666665
AAC,GGT,1.0,2.0
AAC,GTA,0.5,2.5
AAC,GTC,0.0,2.0
AAC,GTG,0.3333333333333333,2.6666666666666665
AAC,GTT,1.0,2.0
AAC,TAA,0.0,2.0
AAC,TAC,0.0,1.0
AAC,TAG,0.0,2.0
AAC,TAT,1.0,1.0
AAC,TCA,0.5,2.5
AAC,TCC,0.0,2.0
AAC,TCG,0.5,2.5
AAC,TCT,1.0,2.0
AAC,TGA,0.3333333333333333,2.6666666666666665
AAC,TGC,0.0,2.0
AAC,TGG,0.0,3.0
AAC,TGT,1.0,2.0
AAC,TTA,0.16666666666666666,2.8333333333333335
AAC,TTC,0.0,2.0
AAC,TTG,0.0,3.0
AAC,TTT,1.0,2.0
AAG,AAA,1.0,0.0
AAG,AAC,0.0,1.0
AAG,AAT,0.0,1.0
AAG,ACA,1.0,1.0
AAG,ACC,0.5,1.5
AAG,ACG,0.0,1.0
AAG,ACT,0.5,1.5
AAG,AGA,1.0,1.0
AAG,AGC,0.0,2.0
AAG,AGG,0.0,1.0
AAG,AGT,0.0,2.0
AAG,ATA,0.5,1.5
AAG,ATC,0.0,2.0
AAG,ATG,0.0,1.0
AAG,ATT,0.0,2.0
AAG,CAA,1.0,1.0
AAG,CAC,0.0,2.0
AAG,CAG,0.0,1.0
AAG,CAT,0.0,2.0
AAG,CCA,1.0,2.0
AAG,CCC,0.5,2.5
AAG,CCG,0.0,2.0
AAG,CCT,0.5,2.5
AAG,CGA,1.5,1.5
AAG,CGC,0.5,2.5
AAG,CGG,0.5,1.5
AAG,CGT,0.5,2.5
AAG,CTA,0.8333333333333334,2.1666666666666665
AAG,CTC,0.3333333333333333,2.6666666666666665
AAG,CTG,0.0,2.0
AAG,CTT,0.3333333333333333,2.6666666666666665
AAG,GAA,1.0,1.0
AAG,GAC,0.0,2.0
AAG,GAG,0.0,1.0
AAG,GAT,0.0,2.0
AAG,GCA,1.0,2.0
AAG,GCC,0.5,2.5
AAG,GCG,0.0,2.0
AAG,GCT,0.5,2.5
AAG,GGA,1.0,2.0
AAG,GGC,0.3333333333333333,2.6666666666666665
AAG,GGG,0.0,2.0
AAG,GGT,0.3333333333333333,2.6666666666666665
AAG,GTA,0.8333333333333334,2.1666666666666665
AAG,GTC,0.3333333333333333,2.6666666666666665
AAG,GTG,0.0,2.0
AAG,GTT,0.3333333333333333,2.6666666666666665
AAG,TAA,1.0,1.0
AAG,TAC,0.0,2.0
AAG,TAG,0.0,1.0
AAG,TAT,0.0,2.0
AAG,TCA,1.0,2.0
AAG,TCC,0.5,2.5
AAG,TCG,0.0,2.0
AAG,TCT,0.5,2.5
AAG,TGA,1.0,2.0
AAG,TGC,0.0,3.0
AAG,TGG,0.0,2.0
AAG,TGT,0.0,3.0
AAG,TTA,0.8333333333333334,2.1666666666666665
AAG,TTC,0.0,3.0
AAG,TTG,0.0,2.0
AAG,TTT,0.0,3.0
AAT,AAA,0.0,1.0
AAT,AAC,1.0,0.0
AAT,AAG,0.0,1.0
AAT,ACA,0.5,1.5
AAT,ACC,1.0,1.0
AAT,ACG,0.5,1.5
AAT,ACT,0.0,1.0
AAT,AGA,0.0,2.0
AAT,AGC,1.0,1.0
AAT,AGG,0.0,2.0
AAT,AGT,0.0,1.0
AAT,ATA,0.5,1.5
AAT,ATC,1.0,1.0
AAT,ATG,0.0,2.0
AAT,ATT,0.0,1.0
AAT,CAA,0.0,2.0
AAT,CAC,1.0,1.0
AAT,CAG,0.0,2.0
AAT,CAT,0.0,1.0
AAT,CCA,0.5,2.5
AAT,CCC,1.0,2.0
AAT,CCG,0.5,2.5
AAT,CCT,0.0,2.0
AAT,CGA,0.6666666666666666,2.3333333333333335
AAT,CGC,1.0,2.0
AAT,CGG,0.6666666666666666,2.3333333333333335
AAT,CGT,0.0,2.0
AAT,CTA,0.5,2.5
AAT,CTC,1.0,2.0
AAT,CTG,0.3333333333333333,2.6666666666666665
AAT,CTT,0.0,2.0
AAT,GAA,0.0,2.0
AAT,GAC,1.0,1.0
AAT,GAG,0.0,2.0
AAT,GAT,0.0,1.0
AAT,GCA,0.5,2.5
AAT,GCC,1.0,2.0
AAT,GCG,0.5,2.5
AAT,GCT,0.0,2.0
AAT,GGA,0.3333333333333333,2.6666666666666665
AAT,GGC,1.0,2.0
AAT,GGG,0.3333333333333333,2.6666666666666665
AAT,GGT,0.0,2.0
AAT,GTA,0.5,2.5
AAT,GTC,1.0,2.0
AAT,GTG,0.3333333333333333,2.6666666666666665
AAT,GTT,0.0,2.0
AAT,TAA,0.0,2.0
AAT,TAC,1.0,1.0
AAT,TAG,0.0,2.0
AAT,TAT,0.0,1.0
AAT,TCA,0.5,2.5
AAT,TCC,1.0,2.0
AAT,TCG,0.5,2.5
AAT,TCT,0.0,2.0
AAT,TGA,0.3333333333333333,2.6666666666666665
AAT,TGC,1.0,2.0
AAT,TGG,0.0,3.0
AAT,TGT,0.0,2.0
AAT,TTA,0.16666666666666666,2.8333333333333335
AAT,TTC,1.0,2.0
AAT,TTG,0.0,3.0
AAT,TTT,0.0,2.0
ACA,AAA,0.0,1.0
ACA,AAC,0.5,1.5
ACA,AAG,1.0,1.0
ACA,AAT,0.5,1.5
ACA,ACC,1.0,0.0
ACA,ACG,1.0,0.0
ACA,ACT,1.0,0.0
ACA,AGA,0.0,1.0
ACA,AGC,0.5,1.5
ACA,AGG,1.0,1.0
ACA,AGT,0.5,1.5
ACA,ATA,0.0,1.0
ACA,ATC,1.0,1.0
ACA,ATG,0.5,1.5
ACA,ATT,1.0,1.0
ACA,CAA,0.0,2.0
ACA,CAC,0.5,2.5
ACA,CAG,1.0,2.0
ACA,CAT,0.5,2.5
ACA,CCA,0.0,1.0
ACA,CCC,1.0,1.0
ACA,CCG,1.0,1.0
ACA,CCT,1.0,1.0
ACA,CGA,0.5,1.5
ACA,CGC,1.0,2.0
ACA,CGG,1.5,1.5
ACA,CGT,1.0,2.0
ACA,CTA,0.0,2.0
ACA,CTC,1.0,2.0
ACA,CTG,0.8333333333333334,2.1666666666666665
ACA,CTT,1.0,2.0
ACA,GAA,0.0,2.0
ACA,GAC,0.5,2.5
ACA,GAG,1.0,2.0
ACA,GAT,0.5,2.5
ACA,GCA,0.0,1.0
ACA,GCC,1.0,1.0
ACA,GCG,1.0,1.0
ACA,GCT,1.0,1.0
ACA,GGA,0.0,2.0
ACA,GGC,0.8333333333333334,2.1666666666666665
ACA,GGG,1.0,2.0
ACA,GGT,0.8333333333333334,2.1666666666666665
ACA,GTA,0.0,2.0
ACA,GTC,1.0,2.0
ACA,GTG,0.8333333333333334,2.1666666666666665
ACA,GTT,1.0,2.0
ACA,TAA,0.0,2.0
ACA,TAC,0.5,2.5
ACA,TAG,1.0,2.0
ACA,TAT,0.5,2.5
ACA,TCA,0.0,1.0
ACA,TCC,1.0,1.0
ACA,TCG,1.0,1.0
ACA,TCT,1.0,1.0
ACA,TGA,0.0,2.0
ACA,TGC,0.5,2.5
ACA,TGG,0.6666666666666666,2.3333333333333335
ACA,TGT,0.5,2.5
ACA,TTA,0.0,2.0
ACA,TTC,0.6666666666666666,2.3333333333333335
ACA,TTG,0.8333333333333334,2.1666666666666665
ACA,TTT,0.6666666666666666,2.3333333333333335
ACC,AAA,0.5,1.5
ACC,AAC,0.0,1.0
ACC,AAG,0.5,1.5
ACC,AAT,1.0,1.0
ACC,ACA,1.0,0.0
ACC,ACG,1.0,0.0
ACC,ACT,1.0,0.0
ACC,AGA,0.5,1.5
ACC,AGC,0.0,1.0
ACC,AGG,0.5,1.5
ACC,AGT,1.0,1.0
ACC,ATA,1.0,1.0
ACC,ATC,0.0,1.0
ACC,ATG,0.5,1.5
ACC,ATT,1.0,1.0
ACC,CAA,0.5,2.5
ACC,CAC,0.0,2.0
ACC,CAG,0.5,2.5
ACC,CAT,1.0,2.0
ACC,CCA,1.0,1.0
ACC,CCC,0.0,1.0
ACC,CCG,1.0,1.0
ACC,CCT,1.0,1.0
ACC,CGA,1.1666666666666667,1.8333333333333333
ACC,CGC,0.0,2.0
ACC,CGG,1.1666666666666667,1.8333333333333333
ACC,CGT,1.0,2.0
ACC,CTA,1.0,2.0
ACC,CTC,0.0,2.0
ACC,CTG,0.8333333333333334,2.1666666666666665
ACC,CTT,1.0,2.0
ACC,GAA,0.5,2.5
ACC,GAC,0.0,2.0
ACC,GAG,0.5,2.5
ACC,GAT,1.0,2.0
ACC,GCA,1.0,1.0
ACC,GCC,0.0,1.0
ACC,GCG,1.0,1.0
ACC,GCT,1.0,1.0
ACC,GGA,0.8333333333333334,2.1666666666666665
ACC,GGC,0.0,2.0
ACC,GGG,0.8333333333333334,2.1666666666666665
ACC,GGT,1.0,2.0
ACC,GTA,1.0,2.0
ACC,GTC,0.0,2.0
ACC,GTG,0.8333333333333334,2.1666666666666665
ACC,GTT,1.0,2.0
ACC,TAA,0.5,2.5
ACC,TAC,0.0,2.0
ACC,TAG,0.5,2.5
ACC,TAT,1.0,2.0
ACC,TCA,1.0,1.0
ACC,TCC,0.0,1.0
ACC,TCG,1.0,1.0
ACC,TCT,1.0,1.0
ACC,TGA,0.5,2.5
ACC,TGC,0.0,2.0
ACC,TGG,0.5,2.5
ACC,TGT,1.0,2.0
ACC,TTA,0.6666666666666666,2.3333333333333335
ACC,TTC,0.0,2.0
ACC,TTG,0.5,2.5
ACC,TTT,1.0,2.0
ACG,AAA,1.0,1.0
ACG,AAC,0.5,1.5
ACG,AAG,0.0,1.0
ACG,AAT,0.5,1.5
ACG,ACA,1.0,0.0
ACG,ACC,1.0,0.0
ACG,ACT,1.0,0.0
ACG,AGA,1.0,1.0
ACG,AGC,0.5,1.5
ACG,AGG,0.0,1.0
ACG,AGT,0.5,1.5
ACG,ATA,0.5,1.5
ACG,ATC,0.5,1.5
ACG,ATG,0.0,1.0
ACG,ATT,0.5,1.5
ACG,CAA,1.0,2.0
ACG,CAC,0.5,2.5
ACG,CAG,0.0,2.0
ACG,CAT,0.5,2.5
ACG,CCA,1.0,1.0
ACG,CCC,1.0,1.0
ACG,CCG,0.0,1.0
ACG,CCT,1.0,1.0
ACG,CGA,1.5,1.5
ACG,CGC,1.0,2.0
ACG,CGG,0.5,1.5
ACG,CGT,1.0,2.0
ACG,CTA,0.8333333333333334,2.1666666666666665
ACG,CTC,0.8333333333333334,2.1666666666666665
ACG,CTG,0.0,2.0
ACG,CTT,0.8333333333333334,2.1666666666666665
ACG,GAA,1.0,2.0
ACG,GAC,0.5,2.5
ACG,GAG,0.0,2.0
ACG,GAT,0.5,2.5
ACG,GCA,1.0,1.0
ACG,GCC,1.0,1.0
ACG,GCG,0.0,1.0
ACG,GCT,1.0,1.0
ACG,GGA,1.0,2.0
ACG,GGC,0.8333333333333334,2.1666666666666665
ACG,GGG,0.0,2.0
ACG,GGT,0.8333333333333334,2.1666666666666665
ACG,GTA,0.8333333333333334,2.1666666666666665
ACG,GTC,0.8333333333333334,2.1666666666666665
ACG,GTG,0.0,2.0
ACG,GTT,0.8333333333333334,2.1666666666666665
ACG,TAA,1.0,2.0
ACG,TAC,0.5,2.5
ACG,TAG,0.0,2.0
ACG,TAT,0.5,2.5
ACG,TCA,1.0,1.0
ACG,TCC,1.0,1.0
ACG,TCG,0.0,1.0
ACG,TCT,1.0,1.0
ACG,TGA,0.6666666666666666,2.3333333333333335
ACG,TGC,0.5,2.5
ACG,TGG,0.0,2.0
ACG,TGT,0.5,2.5
ACG,TTA,0.8333333333333334,2.1666666666666665
ACG,TTC,0.5,2.5
ACG,TTG,0.0,2.0
ACG,TTT,0.5,2.5
ACT,AAA,0.5,1.5
ACT,AAC,1.0,1.0
ACT,AAG,0.5,1.5
ACT,AAT,0.0,1.0
ACT,ACA,1.0,0.0
ACT,ACC,1.0,0.0
ACT,ACG,1.0,0.0
ACT,AGA,0.5,1.5
ACT,AGC,1.0,1.0
ACT,AGG,0.5,1.5
ACT,AGT,0.0,1.0
ACT,ATA,1.0,1.0
ACT,ATC,1.0,1.0
ACT,ATG,0.5,1.5
ACT,ATT,0.0,1.0
ACT,CAA,0.5,2.5
ACT,CAC,1.0,2.0
ACT,CAG,0.5,2.5
ACT,CAT,0.0,2.0
ACT,CCA,1.0,1.0
ACT,CCC,1.0,1.0
ACT,CCG,1.0,1.0
ACT,CCT,0.0,1.0
ACT,CGA,1.1666666666666667,1.8333333333333333
ACT,CGC,1.0,2.0
ACT,CGG,1.1666666666666667,1.8333333333333333
ACT,CGT,0.0,2.0
ACT,CTA,1.0,2.0
ACT,CTC,1.0,2.0
ACT,CTG,0.8333333333333334,2.1666666666666665
ACT,CTT,0.0,2.0
ACT,GAA,0.5,2.5
ACT,GAC,1.0,2.0
ACT,GAG,0.5,2.5
ACT,GAT,0.0,2.0
ACT,GCA,1.0,1.0
ACT,GCC,1.0,1.0
ACT,GCG,1.0,1.0
ACT,GCT,0.0,1.0
ACT,GGA,0.8333333333333334,2.1666666666666665
ACT,GGC,1.0,2.0
ACT,GGG,0.8333333333333334,2.1666666666666665
ACT,GGT,0.0,2.0
ACT,GTA,1.0,2.0
ACT,GTC,1.0,2.0
ACT,GTG,0.8333333333333334,2.1666666666666665
ACT,GTT,0.0,2.0
ACT,TAA,0.5,2.5
ACT,TAC,1.0,2.0
ACT,TAG,0.5,2.5
ACT,TAT,0.0,2.0
ACT,TCA,1.0,1.0
ACT,TCC,1.0,1.0
ACT,TCG,1.0,1.0
ACT,TCT,0.0,1.0
ACT,TGA,0.5,2.5
ACT,TGC,1.0,2.0
ACT,TGG,0.5,2.5
ACT,TGT,0.0,2.0
ACT,TTA,0.6666666666666666,2.3333333333333335
ACT,TTC,1.0,2.0
ACT,TTG,0.5,2.5
ACT,TTT,0.0,2.0
AGA,AAA,0.0,1.0
AGA,AAC,0.0,2.0
AGA,AAG,1.0,1.0
AGA,AAT,0.0,2.0
AGA,ACA,0.0,1.0
AGA,ACC,0.5,1.5
AGA,ACG,1.0,1.0
AGA,ACT,0.5,1.5
AGA,AGC,0.0,1.0
AGA,AGG,1.0,0.0
AGA,AGT,0.0,1.0
AGA,ATA,0.0,1.0
AGA,ATC,0.5,1.5
AGA,ATG,0.5,1.5
AGA,ATT,0.5,1.5
AGA,CAA,0.5,1.5
AGA,CAC,0.5,2.5
AGA,CAG,1.5,1.5
AGA,CAT,0.5,2.5
AGA,CCA,0.5,1.5
AGA,CCC,1.0,2.0
AGA,CCG,1.5,1.5
AGA,CCT,1.0,2.0
AGA,CGA,1.0,0.0
AGA,CGC,1.0,1.0
AGA,CGG,2.0,0.0
AGA,CGT,1.0,1.0
AGA,CTA,0.5,1.5
AGA,CTC,1.0,2.0
AGA,CTG,1.3333333333333333,1.6666666666666667
AGA,CTT,1.0,2.0
AGA,GAA,0.0,2.0
AGA,GAC,0.16666666666666666,2.8333333333333335
AGA,GAG,1.0,2.0
AGA,GAT,0.16666666666666666,2.8333333333333335
AGA,GCA,0.0,2.0
AGA,GCC,0.6666666666666666,2.3333333333333335
AGA,GCG,1.0,2.0
AGA,GCT,0.6666666666666666,2.3333333333333335
AGA,GGA,0.0,1.0
AGA,GGC,0.5,1.5
AGA,GGG,1.0,1.0
AGA,GGT,0.5,1.5
AGA,GTA,0.0,2.0
AGA,GTC,0.6666666666666666,2.3333333333333335
AGA,GTG,0.8333333333333334,2.1666666666666665
AGA,GTT,0.6666666666666666,2.3333333333333335
AGA,TAA,0.5,1.5
AGA,TAC,0.16666666666666666,2.8333333333333335
AGA,TAG,1.0,2.0
AGA,TAT,0.16666666666666666,2.8333333333333335
AGA,TCA,0.0,2.0
AGA,TCC,0.5,2.5
AGA,TCG,0.8333333333333334,2.1666666666666665
AGA,TCT,0.5,2.5
AGA,TGA,0.0,1.0
AGA,TGC,0.0,2.0
AGA,TGG,0.5,1.5
AGA,TGT,0.0,2.0
AGA,TTA,0.0,2.0
AGA,TTC,0.16666666666666666,2.8333333333333335
AGA,TTG,0.6666666666666666,2.3333333333333335
AGA,TTT,0.16666666666666666,2.8333333333333335
AGC,AAA,0.0,2.0
AGC,AAC,0.0,1.0
AGC,AAG,0.0,2.0
AGC,AAT,1.0,1.0
AGC,ACA,0.5,1.5
AGC,ACC,0.0,1.0
AGC,ACG,0.5,1.5
AGC,ACT,1.0,1.0
AGC,AGA,0.0,1.0
AGC,AGG,0.0,1.0
AGC,AGT,1.0,0.0
AGC,ATA,0.5,1.5
AGC,ATC,0.0,1.0
AGC,ATG,0.0,2.0
AGC,ATT,1.0,1.0
AGC,CAA,0.3333333333333333,2.6666666666666665
AGC,CAC,0.0,2.0
AGC,CAG,0.3333333333333333,2.6666666666666665
AGC,CAT,1.0,2.0
AGC,CCA,0.8333333333333334,2.1666666666666665
AGC,CCC,0.0,2.0
AGC,CCG,0.8333333333333334,2.1666666666666665
AGC,CCT,1.0,2.0
AGC,CGA,1.0,1.0
AGC,CGC,0.0,1.0
AGC,CGG,1.0,1.0
AGC,CGT,1.0,1.0
AGC,CTA,0.8333333333333334,2.1666666666666665
AGC,CTC,0.0,2.0
AGC,CTG,0.6666666666666666,2.3333333333333335
AGC,CTT,1.0,2.0
AGC,GAA,0.16666666666666666,2.8333333333333335
AGC,GAC,0.0,2.0
AGC,GAG,0.16666666666666666,2.8333333333333335
AGC,GAT,1.0,2.0
AGC,GCA,0.6666666666666666,2.3333333333333335
AGC,GCC,0.0,2.0
AGC,GCG,0.6666666666666666,2.3333333333333335
AGC,GCT,1.0,2.0
AGC,GGA,0.5,1.5
AGC,GGC,0.0,1.0
AGC,GGG,0.5,1.5
AGC,GGT,1.0,1.0
AGC,GTA,0.6666666666666666,2.3333333333333335
AGC,GTC,0.0,2.0
AGC,GTG,0.5,2.5
AGC,GTT,1.0,2.0
AGC,TAA,0.3333333333333333,2.6666666666666665
AGC,TAC,0.0,2.0
AGC,TAG,0.0,3.0
AGC,TAT,1.0,2.0
AGC,TCA,0.5,2.5
AGC,TCC,0.0,2.0
AGC,TCG,0.5,2.5
AGC,TCT,1.0,2.0
AGC,TGA,0.0,2.0
AGC,TGC,0.0,1.0
AGC,TGG,0.0,2.0
AGC,TGT,1.0,1.0
AGC,TTA,0.16666666666666666,2.8333333333333335
AGC,TTC,0.0,2.0
AGC,TTG,0.0,3.0
AGC,TTT,1.0,2.0
AGG,AAA,1.0,1.0
AGG,AAC,0.0,2.0
AGG,AAG,0.0,1.0
AGG,AAT,0.0,2.0
AGG,ACA,1.0,1.0
AGG,ACC,0.5,1.5
AGG,ACG,0.0,1.0
AGG,ACT,0.5,1.5
AGG,AGA,1.0,0.0
AGG,AGC,0.0,1.0
AGG,AGT,0.0,1.0
AGG,ATA,0.5,1.5
AGG,ATC,0.0,2.0
AGG,ATG,0.0,1.0
AGG,ATT,0.0,2.0
AGG,CAA,1.5,1.5
AGG,CAC,0.5,2.5
AGG,CAG,0.5,1.5
AGG,CAT,0.5,2.5
AGG,CCA,1.5,1.5
AGG,CCC,1.0,2.0
AGG,CCG,0.5,1.5
AGG,CCT,1.0,2.0
AGG,CGA,2.0,0.0
AGG,CGC,1.0,1.0
AGG,CGG,1.0,0.0
AGG,CGT,1.0,1.0
AGG,CTA,1.3333333333333333,1.6666666666666667
AGG,CTC,0.8333333333333334,2.1666666666666665
AGG,CTG,0.5,1.5
AGG,CTT,0.8333333333333334,2.1666666666666665
AGG,GAA,1.0,2.0
AGG,GAC,0.16666666666666666,2.8333333333333335
AGG,GAG,0.0,2.0
AGG,GAT,0.16666666666666666,2.8333333333333335
AGG,GCA,1.0,2.0
AGG,GCC,0.6666666666666666,2.3333333333333335
AGG,GCG,0.0,2.0
AGG,GCT,0.6666666666666666,2.3333333333333335
AGG,GGA,1.0,1.0
AGG,GGC,0.5,1.5
AGG,GGG,0.0,1.0
AGG,GGT,0.5,1.5
AGG,GTA,0.8333333333333334,2.1666666666666665
AGG,GTC,0.5,2.5
AGG,GTG,0.0,2.0
AGG,GTT,0.5,2.5
AGG,TAA,1.1666666666666667,1.8333333333333333
AGG,TAC,0.0,3.0
AGG,TAG,0.0,2.0
AGG,TAT,0.0,3.0
AGG,TCA,0.8333333333333334,2.1666666666666665
AGG,TCC,0.5,2.5
AGG,TCG,0.0,2.0
AGG,TCT,0.5,2.5
AGG,TGA,0.5,1.5
AGG,TGC,0.0,2.0
AGG,TGG,0.0,1.0
AGG,TGT,0.0,2.0
AGG,TTA,0.6666666666666666,2.3333333333333335
AGG,TTC,0.0,3.0
AGG,TTG,0.0,2.0
AGG,TTT,0.0,3.0
AGT,AAA,0.0,2.0
AGT,AAC,1.0,1.0
AGT,AAG,0.0,2.0
AGT,AAT,0.0,1.0
AGT,ACA,0.5,1.5
AGT,ACC,1.0,1.0
AGT,ACG,0.5,1.5
AGT,ACT,0.0,1.0
AGT,AGA,0.0,1.0
AGT,AGC,1.0,0.0
AGT,AGG,0.0,1.0
AGT,ATA,0.5,1.5
AGT,ATC,1.0,1.0
AGT,ATG,0.0,2.0
AGT,ATT,0.0,1.0
AGT,CAA,0.3333333333333333,2.6666666666666665
AGT,CAC,1.0,2.0
AGT,CAG,0.3333333333333333,2.6666666666666665
AGT,CAT,0.0,2.0
AGT,CCA,0.8333333333333334,2.1666666666666665
AGT,CCC,1.0,2.0
AGT,CCG,0.8333333333333334,2.1666666666666665
AGT,CCT,0.0,2.0
AGT,CGA,1.0,1.0
AGT,CGC,1.0,1.0
AGT,CGG,1.0,1.0
AGT,CGT,0.0,1.0
AGT,CTA,0.8333333333333334,2.1666666666666665
AGT,CTC,1.0,2.0
AGT,CTG,0.6666666666666666,2.3333333333333335
AGT,CTT,0.0,2.0
AGT,GAA,0.16666666666666666,2.8333333333333335
AGT,GAC,1.0,2.0
AGT,GAG,0.16666666666666666,2.8333333333333335
AGT,GAT,0.0,2.0
AGT,GCA,0.6666666666666666,2.3333333333333335
AGT,GCC,1.0,2.0
AGT,GCG,0.6666666666666666,2.3333333333333335
AGT,GCT,0.0,2.0
AGT,GGA,0.5,1.5
AGT,GGC,1.0,1.0
AGT,GGG,0.5,1.5
AGT,GGT,0.0,1.0
AGT,GTA,0.6666666666666666,2.3333333333333335
AGT,GTC,1.0,2.0
AGT,GTG,0.5,2.5
AGT,GTT,0.0,2.0
AGT,TAA,0.3333333333333333,2.6666666666666665
AGT,TAC,1.0,2.0
AGT,TAG,0.0,3.0
AGT,TAT,0.0,2.0
AGT,TCA,0.5,2.5
AGT,TCC,1.0,2.0
AGT,TCG,0.5,2.5
AGT,TCT,0.0,2.0
AGT,TGA,0.0,2.0
AGT,TGC,1.0,1.0
AGT,TGG,0.0,2.0
AGT,TGT,0.0,1.0
AGT,TTA,0.16666666666666666,2.8333333333333335
AGT,TTC,1.0,2.0
AGT,TTG,0.0,3.0
AGT,TTT,0.0,2.0
ATA,AAA,0.0,1.0
ATA,AAC,0.5,1.5
ATA,AAG,0.5,1.5
ATA,AAT,0.5,1.5
ATA,ACA,0.0,1.0
ATA,ACC,1.0,1.0
ATA,ACG,0.5,1.5
ATA,ACT,1.0,1.0
ATA,AGA,0.0,1.0
ATA,AGC,0.5,1.5
ATA,AGG,0.5,1.5
ATA,AGT,0.5,1.5
ATA,ATC,1.0,0.0
ATA,ATG,0.0,1.0
ATA,ATT,1.0,0.0
ATA,CAA,0.0,2.0
ATA,CAC,0.5,2.5
ATA,CAG,0.6666666666666666,2.3333333333333335
ATA,CAT,0.5,2.5
ATA,CCA,0.0,2.0
ATA,CCC,1.0,2.0
ATA,CCG,0.6666666666666666,2.3333333333333335
ATA,CCT,1.0,2.0
ATA,CGA,0.5,1.5
ATA,CGC,1.0,2.0
ATA,CGG,1.1666666666666667,1.8333333333333333
ATA,CGT,1.0,2.0
ATA,CTA,0.0,1.0
ATA,CTC,1.0,1.0
ATA,CTG,0.5,1.5
ATA,CTT,1.0,1.0
ATA,GAA,0.0,2.0
ATA,GAC,0.5,2.5
ATA,GAG,0.6666666666666666,2.3333333333333335
ATA,GAT,0.5,2.5
ATA,GCA,0.0,2.0
ATA,GCC,1.0,2.0
ATA,GCG,0.6666666666666666,2.3333333333333335
ATA,GCT,1.0,2.0
ATA,GGA,0.0,2.0
ATA,GGC,0.8333333333333334,2.1666666666666665
ATA,GGG,0.6666666666666666,2.3333333333333335
ATA,GGT,0.8333333333333334,2.1666666666666665
ATA,GTA,0.0,1.0
ATA,GTC,1.0,1.0
ATA,GTG,0.5,1.5
ATA,GTT,1.0,1.0
ATA,TAA,0.0,2.0
ATA,TAC,0.3333333333333333,2.6666666666666665
ATA,TAG,0.6666666666666666,2.3333333333333335
ATA,TAT,0.3333333333333333,2.6666666666666665
ATA,TCA,0.0,2.0
ATA,TCC,0.8333333333333334,2.1666666666666665
ATA,TCG,0.6666666666666666,2.3333333333333335
ATA,TCT,0.8333333333333334,2.1666666666666665
ATA,TGA,0.0,2.0
ATA,TGC,0.3333333333333333,2.6666666666666665
ATA,TGG,0.3333333333333333,2.6666666666666665
ATA,TGT,0.3333333333333333,2.6666666666666665
ATA,TTA,0.0,1.0
ATA,TTC,0.5,1.5
ATA,TTG,0.5,1.5
ATA,TTT,0.5,1.5
ATC,AAA,0.5,1.5
ATC,AAC,0.0,1.0
ATC,AAG,0.0,2.0
ATC,AAT,1.0,1.0
ATC,ACA,1.0,1.0
ATC,ACC,0.0,1.0
ATC,ACG,0.5,1.5
ATC,ACT,1.0,1.0
ATC,AGA,0.5,1.5
ATC,AGC,0.0,1.0
ATC,AGG,0.0,2.0
ATC,AGT,1.0,1.0
ATC,ATA,1.0,0.0
ATC,ATG,0.0,1.0
ATC,ATT,1.0,0.0
ATC,CAA,0.5,2.5
ATC,CAC,0.0,2.0
ATC,CAG,0.16666666666666666,2.8333333333333335
ATC,CAT,1.0,2.0
ATC,CCA,1.0,2.0
ATC,CCC,0.0,2.0
ATC,CCG,0.6666666666666666,2.3333333333333335
ATC,CCT,1.0,2.0
ATC,CGA,1.1666666666666667,1.8333333333333333
ATC,CGC,0.0,2.0
ATC,CGG,0.8333333333333334,2.1666666666666665
ATC,CGT,1.0,2.0
ATC,CTA,1.0,1.0
ATC,CTC,0.0,1.0
ATC,CTG,0.5,1.5
ATC,CTT,1.0,1.0
ATC,GAA,0.5,2.5
ATC,GAC,0.0,2.0
ATC,GAG,0.16666666666666666,2.8333333333333335
ATC,GAT,1.0,2.0
ATC,GCA,1.0,2.0
ATC,GCC,0.0,2.0
ATC,GCG,0.6666666666666666,2.3333333333333335
ATC,GCT,1.0,2.0
ATC,GGA,0.8333333333333334,2.1666666666666665
ATC,GGC,0.0,2.0
ATC,GGG,0.5,2.5
ATC,GGT,1.0,2.0
ATC,GTA,1.0,1.0
ATC,GTC,0.0,1.0
ATC,GTG,0.5,1.5
ATC,GTT,1.0,1.0
ATC,TAA,0.3333333333333333,2.6666666666666665
ATC,TAC,0.0,2.0
ATC,TAG,0.0,3.0
ATC,TAT,1.0,2.0
ATC,TCA,0.8333333333333334,2.1666666666666665
ATC,TCC,0.0,2.0
ATC,TCG,0.5,2.5
ATC,TCT,1.0,2.0
ATC,TGA,0.3333333333333333,2.6666666666666665
ATC,TGC,0.0,2.0
ATC,TGG,0.0,3.0
ATC,TGT,1.0,2.0
ATC,TTA,0.5,1.5
ATC,TTC,0.0,1.0
ATC,TTG,0.0,2.0
ATC,TTT,1.0,1.0
ATG,AAA,0.5,1.5
ATG,AAC,0.0,2.0
ATG,AAG,0.0,1.0
ATG,AAT,0.0,2.0
ATG,ACA,0.5,1.5
ATG,ACC,0.5,1.5
ATG,ACG,0.0,1.0
ATG,ACT,0.5,1.5
ATG,AGA,0.5,1.5
ATG,AGC,0.0,2.0
ATG,AGG,0.0,1.0
ATG,AGT,0.0,2.0
ATG,ATA,0.0,1.0
ATG,ATC,0.0,1.0
ATG,ATT,0.0,1.0
ATG,CAA,0.6666666666666666,2.3333333333333335
ATG,CAC,0.16666666666666666,2.8333333333333335
ATG,CAG,0.0,2.0
ATG,CAT,0.16666666666666666,2.8333333333333335
ATG,CCA,0.6666666666666666,2.3333333333333335
ATG,CCC,0.6666666666666666,2.3333333333333335
ATG,CCG,0.0,2.0
ATG,CCT,0.6666666666666666,2.3333333333333335
ATG,CGA,1.1666666666666667,1.8333333333333333
ATG,CGC,0.6666666666666666,2.3333333333333335
ATG,CGG,0.5,1.5
ATG,CGT,0.6666666666666666,2.3333333333333335
ATG,CTA,0.5,1.5
ATG,CTC,0.5,1.5
ATG,CTG,0.0,1.0
ATG,CTT,0.5,1.5
ATG,GAA,0.6666666666666666,2.3333333333333335
ATG,GAC,0.16666666666666666,2.8333333333333335
ATG,GAG,0.0,2.0
ATG,GAT,0.16666666666666666,2.8333333333333335
ATG,GCA,0.6666666666666666,2.3333333333333335
ATG,GCC,0.6666666666666666,2.3333333333333335
ATG,GCG,0.0,2.0
ATG,GCT,0.6666666666666666,2.3333333333333335
ATG,GGA,0.6666666666666666,2.3333333333333335
ATG,GGC,0.5,2.5
ATG,GGG,0.0,2.0
ATG,GGT,0.5,2.5
ATG,GTA,0.5,1.5
ATG,GTC,0.5,1.5
ATG,GTG,0.0,1.0
ATG,GTT,0.5,1.5
ATG,TAA,0.6666666666666666,2.3333333333333335
ATG,TAC,0.0,3.0
ATG,TAG,0.0,2.0
ATG,TAT,0.0,3.0
ATG,TCA,0.6666666666666666,2.3333333333333335
ATG,TCC,0.5,2.5
ATG,TCG,0.0,2.0
ATG,TCT,0.5,2.5
ATG,TGA,0.3333333333333333,2.6666666666666665
ATG,TGC,0.0,3.0
ATG,TGG,0.0,2.0
ATG,TGT,0.0,3.0
ATG,TTA,0.5,1.5
ATG,TTC,0.0,2.0
ATG,TTG,0.0,1.0
ATG,TTT,0.0,2.0
ATT,AAA,0.5,1.5
ATT,AAC,1.0,1.0
ATT,AAG,0.0,2.0
ATT,AAT,0.0,1.0
ATT,ACA,1.0,1.0
ATT,ACC,1.0,1.0
ATT,ACG,0.5,1.5
ATT,ACT,0.0,1.0
ATT,AGA,0.5,1.5
ATT,AGC,1.0,1.0
ATT,AGG,0.0,2.0
ATT,AGT,0.0,1.0
ATT,ATA,1.0,0.0
ATT,ATC,1.0,0.0
ATT,ATG,0.0,1.0
ATT,CAA,0.5,2.5
ATT,CAC,1.0,2.0
ATT,CAG,0.16666666666666666,2.8333333333333335
ATT,CAT,0.0,2.0
ATT,CCA,1.0,2.0
ATT,CCC,1.0,2.0
ATT,CCG,0.6666666666666666,2.3333333333333335
ATT,CCT,0.0,2.0
ATT,CGA,1.1666666666666667,1.8333333333333333
ATT,CGC,1.0,2.0
ATT,CGG,0.8333333333333334,2.1666666666666665
ATT,CGT,0.0,2.0
ATT,CTA,1.0,1.0
ATT,CTC,1.0,1.0
ATT,CTG,0.5,1.5
ATT,CTT,0.0,1.0
ATT,GAA,0.5,2.5
ATT,GAC,1.0,2.0
ATT,GAG,0.16666666666666666,2.8333333333333335
ATT,GAT,0.0,2.0
ATT,GCA,1.0,2.0
ATT,GCC,1.0,2.0
ATT,GCG,0.6666666666666666,2.3333333333333335
ATT,GCT,0.0,2.0
ATT,GGA,0.8333333333333334,2.1666666666666665
ATT,GGC,1.0,2.0
ATT,GGG,0.5,2.5
ATT,GGT,0.0,2.0
ATT,GTA,1.0,1.0
ATT,GTC,1.0,1.0
ATT,GTG,0.5,1.5
ATT,GTT,0.0,1.0
ATT,TAA,0.3333333333333333,2.6666666666666665
ATT,TAC,1.0,2.0
ATT,TAG,0.0,3.0
ATT,TAT,0.0,2.0
ATT,TCA,0.8333333333333334,2.1666666666666665
ATT,TCC,1.0,2.0
ATT,TCG,0.5,2.5
ATT,TCT,0.0,2.0
ATT,TGA,0.3333333333333333,2.6666666666666665
ATT,TGC,1.0,2.0
ATT,TGG,0.0,3.0
ATT,TGT,0.0,2.0
ATT,TTA,0.5,1.5
ATT,TTC,1.0,1.0
ATT,TTG,0.0,2.0
ATT,TTT,0.0,1.0
CAA,AAA,0.0,1.0
CAA,AAC,0.0,2.0
CAA,AAG,1.0,1.0
CAA,AAT,0.0,2.0
CAA,ACA,0.0,2.0
CAA,ACC,0.5,2.5
CAA,ACG,1.0,2.0
CAA,ACT,0.5,2.5
CAA,AGA,0.5,1.5
CAA,AGC,0.3333333333333333,2.6666666666666665
CAA,AGG,1.5,1.5
CAA,AGT,0.3333333333333333,2.6666666666666665
CAA,ATA,0.0,2.0
CAA,ATC,0.5,2.5
CAA,ATG,0.6666666666666666,2.3333333333333335
CAA,ATT,0.5,2.5
CAA,CAC,0.0,1.0
CAA,CAG,1.0,0.0
CAA,CAT,0.0,1.0
CAA,CCA,0.0,1.0
CAA,CCC,0.5,1.5
CAA,CCG,1.0,1.0
CAA,CCT,0.5,1.5
CAA,CGA,0.0,1.0
CAA,CGC,0.5,1.5
CAA,CGG,1.0,1.0
CAA,CGT,0.5,1.5
CAA,CTA,0.0,1.0
CAA,CTC,0.5,1.5
CAA,CTG,1.0,1.0
CAA,CTT,0.5,1.5
CAA,GAA,0.0,1.0
CAA,GAC,0.0,2.0
CAA,GAG,1.0,1.0
CAA,GAT,0.0,2.0
CAA,GCA,0.0,2.0
CAA,GCC,0.5,2.5
CAA,GCG,1.0,2.0
CAA,GCT,0.5,2.5
CAA,GGA,0.0,2.0
CAA,GGC,0.5,2.5
CAA,GGG,1.0,2.0
CAA,GGT,0.5,2.5
CAA,GTA,0.0,2.0
CAA,GTC,0.5,2.5
CAA,GTG,1.0,2.0
CAA,GTT,0.5,2.5
CAA,TAA,0.0,1.0
CAA,TAC,0.0,2.0
CAA,TAG,1.0,1.0
CAA,TAT,0.0,2.0
CAA,TCA,0.0,2.0
CAA,TCC,0.5,2.5
CAA,TCG,1.0,2.0
CAA,TCT,0.5,2.5
CAA,TGA,0.5,1.5
CAA,TGC,0.3333333333333333,2.6666666666666665
CAA,TGG,0.8333333333333334,2.1666666666666665
CAA,TGT,0.3333333333333333,2.6666666666666665
CAA,TTA,0.5,1.5
CAA,TTC,0.3333333333333333,2.6666666666666665
CAA,TTG,1.5,1.5
CAA,TTT,0.3333333333333333,2.6666666666666665
CAC,AAA,0.0,2.0
CAC,AAC,0.0,1.0
CAC,AAG,0.0,2.0
CAC,AAT,1.0,1.0
CAC,ACA,0.5,2.5
CAC,ACC,0.0,2.0
CAC,ACG,0.5,2.5
CAC,ACT,1.0,2.0
CAC,AGA,0.5,2.5
CAC,AGC,0.0,2.0
CAC,AGG,0.5,2.5
CAC,AGT,1.0,2.0
CAC,ATA,0.5,2.5
CAC,ATC,0.0,2.0
CAC,ATG,0.16666666666666666,2.8333333333333335
CAC,ATT,1.0,2.0
CAC,CAA,0.0,1.0
CAC,CAG,0.0,1.0
CAC,CAT,1.0,0.0
CAC,CCA,0.5,1.5
CAC,CCC,0.0,1.0
CAC,CCG,0.5,1.5
CAC,CCT,1.0,1.0
CAC,CGA,0.5,1.5
CAC,CGC,0.0,1.0
CAC,CGG,0.5,1.5
CAC,CGT,1.0,1.0
CAC,CTA,0.5,1.5
CAC,CTC,0.0,1.0
CAC,CTG,0.5,1.5
CAC,CTT,1.0,1.0
CAC,GAA,0.0,2.0
CAC,GAC,0.0,1.0
CAC,GAG,0.0,2.0
CAC,GAT,1.0,1.0
CAC,GCA,0.5,2.5
CAC,GCC,0.0,2.0
CAC,GCG,0.5,2.5
CAC,GCT,1.0,2.0
CAC,GGA,0.5,2.5
CAC,GGC,0.0,2.0
CAC,GGG,0.5,2.5
CAC,GGT,1.0,2.0
CAC,GTA,0.5,2.5
CAC,GTC,0.0,2.0
CAC,GTG,0.5,2.5
CAC,GTT,1.0,2.0
CAC,TAA,0.0,2.0
CAC,TAC,0.0,1.0
CAC,TAG,0.0,2.0
CAC,TAT,1.0,1.0
CAC,TCA,0.5,2.5
CAC,TCC,0.0,2.0
CAC,TCG,0.5,2.5
CAC,TCT,1.0,2.0
CAC,TGA,0.5,2.5
CAC,TGC,0.0,2.0
CAC,TGG,0.16666666666666666,2.8333333333333335
CAC,TGT,1.0,2.0
CAC,TTA,0.5,2.5
CAC,TTC,0.0,2.0
CAC,TTG,0.5,2.5
CAC,TTT,1.0,2.0
CAG,AAA,1.0,1.0
CAG,AAC,0.0,2.0
CAG,AAG,0.0,1.0
CAG,AAT,0.0,2.0
CAG,ACA,1.0,2.0
CAG,ACC,0.5,2.5
CAG,ACG,0.0,2.0
CAG,ACT,0.5,2.5
CAG,AGA,1.5,1.5
CAG,AGC,0.3333333333333333,2.6666666666666665
CAG,AGG,0.5,1.5
CAG,AGT,0.3333333333333333,2.6666666666666665
CAG,ATA,0.6666666666666666,2.3333333333333335
CAG,ATC,0.16666666666666666,2.8333333333333335
CAG,ATG,0.0,2.0
CAG,ATT,0.16666666666666666,2.8333333333333335
CAG,CAA,1.0,0.0
CAG,CAC,0.0,1.0
CAG,CAT,0.0,1.0
CAG,CCA,1.0,1.0
CAG,CCC,0.5,1.5
CAG,CCG,0.0,1.0
CAG,CCT,0.5,1.5
CAG,CGA,1.0,1.0
CAG,CGC,0.5,1.5
CAG,CGG,0.0,1.0
CAG,CGT,0.5,1.5
CAG,CTA,1.0,1.0
CAG,CTC,0.5,1.5
CAG,CTG,0.0,1.0
CAG,CTT,0.5,1.5
CAG,GAA,1.0,1.0
CAG,GAC,0.0,2.0
CAG,GAG,0.0,1.0
CAG,GAT,0.0,2.0
CAG,GCA,1.0,2.0
CAG,GCC,0.5,2.5
CAG,GCG,0.0,2.0
CAG,GCT,0.5,2.5
CAG,GGA,1.0,2.0
CAG,GGC,0.5,2.5
CAG,GGG,0.0,2.0
CAG,GGT,0.5,2.5
CAG,GTA,1.0,2.0
CAG,GTC,0.5,2.5
CAG,GTG,0.0,2.0
CAG,GTT,0.5,2.5
CAG,TAA,1.0,1.0
CAG,TAC,0.0,2.0
CAG,TAG,0.0,1.0
CAG,TAT,0.0,2.0
CAG,TCA,1.0,2.0
CAG,TCC,0.5,2.5
CAG,TCG,0.0,2.0
CAG,TCT,0.5,2.5
CAG,TGA,1.0,2.0
CAG,TGC,0.16666666666666666,2.8333333333333335
CAG,TGG,0.0,2.0
CAG,TGT,0.16666666666666666,2.8333333333333335
CAG,TTA,1.5,1.5
CAG,TTC,0.3333333333333333,2.6666666666666665
CAG,TTG,0.5,1.5
CAG,TTT,0.3333333333333333,2.6666666666666665
CAT,AAA,0.0,2.0
CAT,AAC,1.0,1.0
CAT,AAG,0.0,2.0
CAT,AAT,0.0,1.0
CAT,ACA,0.5,2.5
CAT,ACC,1.0,2.0
CAT,ACG,0.5,2.5
CAT,ACT,0.0,2.0
CAT,AGA,0.5,2.5
CAT,AGC,1.0,2.0
CAT,AGG,0.5,2.5
CAT,AGT,0.0,2.0
CAT,ATA,0.5,2.5
CAT,ATC,1.0,2.0
CAT,ATG,0.16666666666666666,2.8333333333333335
CAT,ATT,0.0,2.0
CAT,CAA,0.0,1.0
CAT,CAC,1.0,0.0
CAT,CAG,0.0,1.0
CAT,CCA,0.5,1.5
CAT,CCC,1.0,1.0
CAT,CCG,0.5,1.5
CAT,CCT,0.0,1.0
CAT,CGA,0.5,1.5
CAT,CGC,1.0,1.0
CAT,CGG,0.5,1.5
CAT,CGT,0.0,1.0
CAT,CTA,0.5,1.5
CAT,CTC,1.0,1.0
CAT,CTG,0.5,1.5
CAT,CTT,0.0,1.0
CAT,GAA,0.0,2.0
CAT,GAC,1.0,1.0
CAT,GAG,0.0,2.0
CAT,GAT,0.0,1.0
CAT,GCA,0.5,2.5
CAT,GCC,1.0,2.0
CAT,GCG,0.5,2.5
CAT,GCT,0.0,2.0
CAT,GGA,0.5,2.5
CAT,GGC,1.0,2.0
CAT,GGG,0.5,2.5
CAT,GGT,0.0,2.0
CAT,GTA,0.5,2.5
CAT,GTC,1.0,2.0
CAT,GTG,0.5,2.5
CAT,GTT,0.0,2.0
CAT,TAA,0.0,2.0
CAT,TAC,1.0,1.0
CAT,TAG,0.0,2.0
CAT,TAT,0.0,1.0
CAT,TCA,0.5,2.5
CAT,TCC,1.0,2.0
CAT,TCG,0.5,2.5
CAT,TCT,0.0,2.0
CAT,TGA,0.5,2.5
CAT,TGC,1.0,2.0
CAT,TGG,0.16666666666666666,2.8333333333333335
CAT,TGT,0.0,2.0
CAT,TTA,0.5,2.5
CAT,TTC,1.0,2.0
CAT,TTG,0.5,2.5
CAT,TTT,0.0,2.0
CCA,AAA,0.0,2.0
CCA,AAC,0.5,2.5
CCA,AAG,1.0,2.0
CCA,AAT,0.5,2.5
CCA,ACA,0.0,1.0
CCA,ACC,1.0,1.0
CCA,ACG,1.0,1.0
CCA,ACT,1.0,1.0
CCA,AGA,0.5,1.5
CCA,AGC,0.8333333333333334,2.1666666666666665
CCA,AGG,1.5,1.5
CCA,AGT,0.8333333333333334,2.1666666666666665
CCA,ATA,0.0,2.0
CCA,ATC,1.0,2.0
CCA,ATG,0.6666666666666666,2.3333333333333335
CCA,ATT,1.0,2.0
CCA,CAA,0.0,1.0
CCA,CAC,0.5,1.5
CCA,CAG,1.0,1.0
CCA,CAT,0.5,1.5
CCA,CCC,1.0,0.0
CCA,CCG,1.0,0.0
CCA,CCT,1.0,0.0
CCA,CGA,0.0,1.0
CCA,CGC,1.0,1.0
CCA,CGG,1.0,1.0
CCA,CGT,1.0,1.0
CCA,CTA,0.0,1.0
CCA,CTC,1.0,1.0
CCA,CTG,1.0,1.0
CCA,CTT,1.0,1.0
CCA,GAA,0.0,2.0
CCA,GAC,0.5,2.5
CCA,GAG,1.0,2.0
CCA,GAT,0.5,2.5
CCA,GCA,0.0,1.0
CCA,GCC,1.0,1.0
CCA,GCG,1.0,1.0
CCA,GCT,1.0,1.0
CCA,GGA,0.0,2.0
CCA,GGC,1.0,2.0
CCA,GGG,1.0,2.0
CCA,GGT,1.0,2.0
CCA,GTA,0.0,2.0
CCA,GTC,1.0,2.0
CCA,GTG,1.0,2.0
CCA,GTT,1.0,2.0
CCA,TAA,0.0,2.0
CCA,TAC,0.5,2.5
CCA,TAG,1.0,2.0
CCA,TAT,0.5,2.5
CCA,TCA,0.0,1.0
CCA,TCC,1.0,1.0
CCA,TCG,1.0,1.0
CCA,TCT,1.0,1.0
CCA,TGA,0.0,2.0
CCA,TGC,0.6666666666666666,2.3333333333333335
CCA,TGG,0.6666666666666666,2.3333333333333335
CCA,TGT,0.6666666666666666,2.3333333333333335
CCA,TTA,0.5,1.5
CCA,TTC,0.8333333333333334,2.1666666666666665
CCA,TTG,1.5,1.5
CCA,TTT,0.8333333333333334,2.1666666666666665
CCC,AAA,0.5,2.5
CCC,AAC,0.0,2.0
CCC,AAG,0.5,2.5
CCC,AAT,1.0,2.0
CCC,ACA,1.0,1.0
CCC,ACC,0.0,1.0
CCC,ACG,1.0,1.0
CCC,ACT,1.0,1.0
CCC,AGA,1.0,2.0
CCC,AGC,0.0,2.0
CCC,AGG,1.0,2.0
CCC,AGT,1.0,2.0
CCC,ATA,1.0,2.0
CCC,ATC,0.0,2.0
CCC,ATG,0.6666666666666666,2.3333333333333335
CCC,ATT,1.0,2.0
CCC,CAA,0.5,1.5
CCC,CAC,0.0,1.0
CCC,CAG,0.5,1.5
CCC,CAT,1.0,1.0
CCC,CCA,1.0,0.0
CCC,CCG,1.0,0.0
CCC,CCT,1.0,0.0
CCC,CGA,1.0,1.0
CCC,CGC,0.0,1.0
CCC,CGG,1.0,1.0
CCC,CGT,1.0,1.0
CCC,CTA,1.0,1.0
CCC,CTC,0.0,1.0
CCC,CTG,1.0,1.0
CCC,CTT,1.0,1.0
CCC,GAA,0.5,2.5
CCC,GAC,0.0,2.0
CCC,GAG,0.5,2.5
CCC,GAT,1.0,2.0
CCC,GCA,1.0,1.0
CCC,GCC,0.0,1.0
CCC,GCG,1.0,1.0
CCC,GCT,1.0,1.0
CCC,GGA,1.0,2.0
CCC,GGC,0.0,2.0
CCC,GGG,1.0,2.0
CCC,GGT,1.0,2.0
CCC,GTA,1.0,2.0
CCC,GTC,0.0,2.0
CCC,GTG,1.0,2.0
CCC,GTT,1.0,2.0
CCC,TAA,0.5,2.5
CCC,TAC,0.0,2.0
CCC,TAG,0.5,2.5
CCC,TAT,1.0,2.0
CCC,TCA,1.0,1.0
CCC,TCC,0.0,1.0
CCC,TCG,1.0,1.0
CCC,TCT,1.0,1.0
CCC,TGA,0.6666666666666666,2.3333333333333335
CCC,TGC,0.0,2.0
CCC,TGG,0.6666666666666666,2.3333333333333335
CCC,TGT,1.0,2.0
CCC,TTA,1.0,2.0
CCC,TTC,0.0,2.0
CCC,TTG,1.0,2.0
CCC,TTT,1.0,2.0
CCG,AAA,1.0,2.0
CCG,AAC,0.5,2.5
CCG,AAG,0.0,2.0
CCG,AAT,0.5,2.5
CCG,ACA,1.0,1.0
CCG,ACC,1.0,1.0
CCG,ACG,0.0,1.0
CCG,ACT,1.0,1.0
CCG,AGA,1.5,1.5
CCG,AGC,0.8333333333333334,2.1666666666666665
CCG,AGG,0.5,1.5
CCG,AGT,0.8333333333333334,2.1666666666666665
CCG,ATA,0.6666666666666666,2.3333333333333335
CCG,ATC,0.6666666666666666,2.3333333333333335
CCG,ATG,0.0,2.0
CCG,ATT,0.6666666666666666,2.3333333333333335
CCG,CAA,1.0,1.0
CCG,CAC,0.5,1.5
CCG,CAG,0.0,1.0
CCG,CAT,0.5,1.5
CCG,CCA,1.0,0.0
CCG,CCC,1.0,0.0
CCG,CCT,1.0,0.0
CCG,CGA,1.0,1.0
CCG,CGC,1.0,1.0
CCG,CGG,0.0,1.0
CCG,CGT,1.0,1.0
CCG,CTA,1.0,1.0
CCG,CTC,1.0,1.0
CCG,CTG,0.0,1.0
CCG,CTT,1.0,1.0
CCG,GAA,1.0,2.0
CCG,GAC,0.5,2.5
CCG,GAG,0.0,2.0
CCG,GAT,0.5,2.5
CCG,GCA,1.0,1.0
CCG,GCC,1.0,1.0
CCG,GCG,0.0,1.0
CCG,GCT,1.0,1.0
CCG,GGA,1.0,2.0
CCG,GGC,1.0,2.0
CCG,GGG,0.0,2.0
CCG,GGT,1.0,2.0
CCG,GTA,1.0,2.0
CCG,GTC,1.0,2.0
CCG,GTG,0.0,2.0
CCG,GTT,1.0,2.0
CCG,TAA,1.0,2.0
CCG,TAC,0.5,2.5
CCG,TAG,0.0,2.0
CCG,TAT,0.5,2.5
CCG,TCA,1.0,1.0
CCG,TCC,1.0,1.0
CCG,TCG,0.0,1.0
CCG,TCT,1.0,1.0
CCG,TGA,0.6666666666666666,2.3333333333333335
CCG,TGC,0.6666666666666666,2.3333333333333335
CCG,TGG,0.0,2.0
CCG,TGT,0.6666666666666666,2.3333333333333335
CCG,TTA,1.5,1.5
CCG,TTC,0.8333333333333334,2.1666666666666665
CCG,TTG,0.5,1.5
CCG,TTT,0.8333333333333334,2.1666666666666665
CCT,AAA,0.5,2.5
CCT,AAC,1.0,2.0
CCT,AAG,0.5,2.5
CCT,AAT,0.0,2.0
CCT,ACA,1.0,1.0
CCT,ACC,1.0,1.0
CCT,ACG,1.0,1.0
CCT,ACT,0.0,1.0
CCT,AGA,1.0,2.0
CCT,AGC,1.0,2.0
CCT,AGG,1.0,2.0
CCT,AGT,0.0,2.0
CCT,ATA,1.0,2.0
CCT,ATC,1.0,2.0
CCT,ATG,0.6666666666666666,2.3333333333333335
CCT,ATT,0.0,2.0
CCT,CAA,0.5,1.5
CCT,CAC,1.0,1.0
CCT,CAG,0.5,1.5
CCT,CAT,0.0,1.0
CCT,CCA,1.0,0.0
CCT,CCC,1.0,0.0
CCT,CCG,1.0,0.0
CCT,CGA,1.0,1.0
CCT,CGC,1.0,1.0
CCT,CGG,1.0,1.0
CCT,CGT,0.0,1.0
CCT,CTA,1.0,1.0
CCT,CTC,1.0,1.0
CCT,CTG,1.0,1.0
CCT,CTT,0.0,1.0
CCT,GAA,0.5,2.5
CCT,GAC,1.0,2.0
CCT,GAG,0.5,2.5
CCT,GAT,0.0,2.0
CCT,GCA,1.0,1.0
CCT,GCC,1.0,1.0
CCT,GCG,1.0,1.0
CCT,GCT,0.0,1.0
CCT,GGA,1.0,2.0
CCT,GGC,1.0,2.0
CCT,GGG,1.0,2.0
CCT,GGT,0.0,2.0
CCT,GTA,1.0,2.0
CCT,GTC,1.0,2.0
CCT,GTG,1.0,2.0
CCT,GTT,0.0,2.0
CCT,TAA,0.5,2.5
CCT,TAC,1.0,2.0
CCT,TAG,0.5,2.5
CCT,TAT,0.0,2.0
CCT,TCA,1.0,1.0
CCT,TCC,1.0,1.0
CCT,TCG,1.0,1.0
CCT,TCT,0.0,1.0
CCT,TGA,0.6666666666666666,2.3333333333333335
CCT,TGC,1.0,2.0
CCT,TGG,0.6666666666666666,2.3333333333333335
CCT,TGT,0.0,2.0
CCT,TTA,1.0,2.0
CCT,TTC,1.0,2.0
CCT,TTG,1.0,2.0
CCT,TTT,0.0,2.0
CGA,AAA,0.5,1.5
CGA,AAC,0.6666666666666666,2.3333333333333335
CGA,AAG,1.5,1.5
CGA,AAT,0.6666666666666666,2.3333333333333335
CGA,ACA,0.5,1.5
CGA,ACC,1.1666666666666667,1.8333333333333333
CGA,ACG,1.5,1.5
CGA,ACT,1.1666666666666667,1.8333333333333333
CGA,AGA,1.0,0.0
CGA,AGC,1.0,1.0
CGA,AGG,2.0,0.0
CGA,AGT,1.0,1.0
CGA,ATA,0.5,1.5
CGA,ATC,1.1666666666666667,1.8333333333333333
CGA,ATG,1.1666666666666667,1.8333333333333333
CGA,ATT,1.1666666666666667,1.8333333333333333
CGA,CAA,0.0,1.0
CGA,CAC,0.5,1.5
CGA,CAG,1.0,1.0
CGA,CAT,0.5,1.5
CGA,CCA,0.0,1.0
CGA,CCC,1.0,1.0
CGA,CCG,1.0,1.0
CGA,CCT,1.0,1.0
CGA,CGC,1.0,0.0
CGA,CGG,1.0,0.0
CGA,CGT,1.0,0.0
CGA,CTA,0.0,1.0
CGA,CTC,1.0,1.0
CGA,CTG,1.0,1.0
CGA,CTT,1.0,1.0
CGA,GAA,0.0,2.0
CGA,GAC,0.5,2.5
CGA,GAG,1.0,2.0
CGA,GAT,0.5,2.5
CGA,GCA,0.0,2.0
CGA,GCC,1.0,2.0
CGA,GCG,1.0,2.0
CGA,GCT,1.0,2.0
CGA,GGA,0.0,1.0
CGA,GGC,1.0,1.0
CGA,GGG,1.0,1.0
CGA,GGT,1.0,1.0
CGA,GTA,0.0,2.0
CGA,GTC,1.0,2.0
CGA,GTG,1.0,2.0
CGA,GTT,1.0,2.0
CGA,TAA,0.5,1.5
CGA,TAC,0.5,2.5
CGA,TAG,1.0,2.0
CGA,TAT,0.5,2.5
CGA,TCA,0.0,2.0
CGA,TCC,0.8333333333333334,2.1666666666666665
CGA,TCG,0.8333333333333334,2.1666666666666665
CGA,TCT,0.8333333333333334,2.1666666666666665
CGA,TGA,0.0,1.0
CGA,TGC,0.5,1.5
CGA,TGG,0.5,1.5
CGA,TGT,0.5,1.5
CGA,TTA,0.5,1.5
CGA,TTC,0.6666666666666666,2.3333333333333335
CGA,TTG,1.3333333333333333,1.6666666666666667
CGA,TTT,0.6666666666666666,2.3333333333333335
CGC,AAA,0.5,2.5
CGC,AAC,0.0,2.0
CGC,AAG,0.5,2.5
CGC,AAT,1.0,2.0
CGC,ACA,1.0,2.0
CGC,ACC,0.0,2.0
CGC,ACG,1.0,2.0
CGC,ACT,1.0,2.0
CGC,AGA,1.0,1.0
CGC,AGC,0.0,1.0
CGC,AGG,1.0,1.0
CGC,AGT,1.0,1.0
CGC,ATA,1.0,2.0
CGC,ATC,0.0,2.0
CGC,ATG,0.6666666666666666,2.3333333333333335
CGC,ATT,1.0,2.0
CGC,CAA,0.5,1.5
CGC,CAC,0.0,1.0
CGC,CAG,0.5,1.5
CGC,CAT,1.0,1.0
CGC,CCA,1.0,1.0
CGC,CCC,0.0,1.0
CGC,CCG,1.0,1.0
CGC,CCT,1.0,1.0
CGC,CGA,1.0,0.0
CGC,CGG,1.0,0.0
CGC,CGT,1.0,0.0
CGC,CTA,1.0,1.0
CGC,CTC,0.0,1.0
CGC,CTG,1.0,1.0
CGC,CTT,1.0,1.0
CGC,GAA,0.5,2.5
CGC,GAC,0.0,2.0
CGC,GAG,0.5,2.5
CGC,GAT,1.0,2.0
CGC,GCA,1.0,2.0
CGC,GCC,0.0,2.0
CGC,GCG,1.0,2.0
CGC,GCT,1.0,2.0
CGC,GGA,1.0,1.0
CGC,GGC,0.0,1.0
CGC,GGG,1.0,1.0
CGC,GGT,1.0,1.0
CGC,GTA,1.0,2.0
CGC,GTC,0.0,2.0
CGC,GTG,1.0,2.0
CGC,GTT,1.0,2.0
CGC,TAA,0.6666666666666666,2.3333333333333335
CGC,TAC,0.0,2.0
CGC,TAG,0.3333333333333333,2.6666666666666665
CGC,TAT,1.0,2.0
CGC,TCA,0.8333333333333334,2.1666666666666665
CGC,TCC,0.0,2.0
CGC,TCG,0.8333333333333334,2.1666666666666665
CGC,TCT,1.0,2.0
CGC,TGA,0.5,1.5
CGC,TGC,0.0,1.0
CGC,TGG,0.5,1.5
CGC,TGT,1.0,1.0
CGC,TTA,0.8333333333333334,2.1666666666666665
CGC,TTC,0.0,2.0
CGC,TTG,0.8333333333333334,2.1666666666666665
CGC,TTT,1.0,2.0
CGG,AAA,1.5,1.5
CGG,AAC,0.6666666666666666,2.3333333333333335
CGG,AAG,0.5,1.5
CGG,AAT,0.6666666666666666,2.3333333333333335
CGG,ACA,1.5,1.5
CGG,ACC,1.1666666666666667,1.8333333333333333
CGG,ACG,0.5,1.5
CGG,ACT,1.1666666666666667,1.8333333333333333
CGG,AGA,2.0,0.0
CGG,AGC,1.0,1.0
CGG,AGG,1.0,0.0
CGG,AGT,1.0,1.0
CGG,ATA,1.1666666666666667,1.8333333333333333
CGG,ATC,0.8333333333333334,2.1666666666666665
CGG,ATG,0.5,1.5
CGG,ATT,0.8333333333333334,2.1666666666666665
CGG,CAA,1.0,1.0
CGG,CAC,0.5,1.5
CGG,CAG,0.0,1.0
CGG,CAT,0.5,1.5
CGG,CCA,1.0,1.0
CGG,CCC,1.0,1.0
CGG,CCG,0.0,1.0
CGG,CCT,1.0,1.0
CGG,CGA,1.0,0.0
CGG,CGC,1.0,0.0
CGG,CGT,1.0,0.0
CGG,CTA,1.0,1.0
CGG,CTC,1.0,1.0
CGG,CTG,0.0,1.0
CGG,CTT,1.0,1.0
CGG,GAA,1.0,2.0
CGG,GAC,0.5,2.5
CGG,GAG,0.0,2.0
CGG,GAT,0.5,2.5
CGG,GCA,1.0,2.0
CGG,GCC,1.0,2.0
CGG,GCG,0.0,2.0
CGG,GCT,1.0,2.0
CGG,GGA,1.0,1.0
CGG,GGC,1.0,1.0
CGG,GGG,0.0,1.0
CGG,GGT,1.0,1.0
CGG,GTA,1.0,2.0
CGG,GTC,1.0,2.0
CGG,GTG,0.0,2.0
CGG,GTT,1.0,2.0
CGG,TAA,1.1666666666666667,1.8333333333333333
CGG,TAC,0.3333333333333333,2.6666666666666665
CGG,TAG,0.0,2.0
CGG,TAT,0.3333333333333333,2.6666666666666665
CGG,TCA,0.8333333333333334,2.1666666666666665
CGG,TCC,0.8333333333333334,2.1666666666666665
CGG,TCG,0.0,2.0
CGG,TCT,0.8333333333333334,2.1666666666666665
CGG,TGA,0.5,1.5
CGG,TGC,0.5,1.5
CGG,TGG,0.0,1.0
CGG,TGT,0.5,1.5
CGG,TTA,1.3333333333333333,1.6666666666666667
CGG,TTC,0.6666666666666666,2.3333333333333335
CGG,TTG,0.5,1.5
CGG,TTT,0.6666666666666666,2.3333333333333335
CGT,AAA,0.5,2.5
CGT,AAC,1.0,2.0
CGT,AAG,0.5,2.5
CGT,AAT,0.0,2.0
CGT,ACA,1.0,2.0
CGT,ACC,1.0,2.0
CGT,ACG,1.0,2.0
CGT,ACT,0.0,2.0
CGT,AGA,1.0,1.0
CGT,AGC,1.0,1.0
CGT,AGG,1.0,1.0
CGT,AGT,0.0,1.0
CGT,ATA,1.0,2.0
CGT,ATC,1.0,2.0
CGT,ATG,0.6666666666666666,2.3333333333333335
CGT,ATT,0.0,2.0
CGT,CAA,0.5,1.5
CGT,CAC,1.0,1.0
CGT,CAG,0.5,1.5
CGT,CAT,0.0,1.0
CGT,CCA,1.0,1.0
CGT,CCC,1.0,1.0
CGT,CCG,1.0,1.0
CGT,CCT,0.0,1.0
CGT,CGA,1.0,0.0
CGT,CGC,1.0,0.0
CGT,CGG,1.0,0.0
CGT,CTA,1.0,1.0
CGT,CTC,1.0,1.0
CGT,CTG,1.0,1.0
CGT,CTT,0.0,1.0
CGT,GAA,0.5,2.5
CGT,GAC,1.0,2.0
CGT,GAG,0.5,2.5
CGT,GAT,0.0,2.0
CGT,GCA,1.0,2.0
CGT,GCC,1.0,2.0
CGT,GCG,1.0,2.0
CGT,GCT,0.0,2.0
CGT,GGA,1.0,1.0
CGT,GGC,1.0,1.0
CGT,GGG,1.0,1.0
CGT,GGT,0.0,1.0
CGT,GTA,1.0,2.0
CGT,GTC,1.0,2.0
CGT,GTG,1.0,2.0
CGT,GTT,0.0,2.0
CGT,TAA,0.6666666666666666,2.3333333333333335
CGT,TAC,1.0,2.0
CGT,TAG,0.3333333333333333,2.6666666666666665
CGT,TAT,0.0,2.0
CGT,TCA,0.8333333333333334,2.1666666666666665
CGT,TCC,1.0,2.0
CGT,TCG,0.8333333333333334,2.1666666666666665
CGT,TCT,0.0,2.0
CGT,TGA,0.5,1.5
CGT,TGC,1.0,1.0
CGT,TGG,0.5,1.5
CGT,TGT,0.0,1.0
CGT,TTA,0.8333333333333334,2.1666666666666665
CGT,TTC,1.0,2.0
CGT,TTG,0.8333333333333334,2.1666666666666665
CGT,TTT,0.0,2.0
CTA,AAA,0.0,2.0
CTA,AAC,0.5,2.5
CTA,AAG,0.8333333333333334,2.1666666666666665
CTA,AAT,0.5,2.5
CTA,ACA,0.0,2.0
CTA,ACC,1.0,2.0
CTA,ACG,0.8333333333333334,2.1666666666666665
CTA,ACT,1.0,2.0
CTA,AGA,0.5,1.5
CTA,AGC,0.8333333333333334,2.1666666666666665
CTA,AGG,1.3333333333333333,1.6666666666666667
CTA,AGT,0.8333333333333334,2.1666666666666665
CTA,ATA,0.0,1.0
CTA,ATC,1.0,1.0
CTA,ATG,0.5,1.5
CTA,ATT,1.0,1.0
CTA,CAA,0.0,1.0
CTA,CAC,0.5,1.5
CTA,CAG,1.0,1.0
CTA,CAT,0.5,1.5
CTA,CCA,0.0,1.0
CTA,CCC,1.0,1.0
CTA,CCG,1.0,1.0
CTA,CCT,1.0,1.0
CTA,CGA,0.0,1.0
CTA,CGC,1.0,1.0
CTA,CGG,1.0,1.0
CTA,CGT,1.0,1.0
CTA,CTC,1.0,0.0
CTA,CTG,1.0,0.0
CTA,CTT,1.0,0.0
CTA,GAA,0.0,2.0
CTA,GAC,0.5,2.5
CTA,GAG,1.0,2.0
CTA,GAT,0.5,2.5
CTA,GCA,0.0,2.0
CTA,GCC,1.0,2.0
CTA,GCG,1.0,2.0
CTA,GCT,1.0,2.0
CTA,GGA,0.0,2.0
CTA,GGC,1.0,2.0
CTA,GGG,1.0,2.0
CTA,GGT,1.0,2.0
CTA,GTA,0.0,1.0
CTA,GTC,1.0,1.0
CTA,GTG,1.0,1.0
CTA,GTT,1.0,1.0
CTA,TAA,0.5,1.5
CTA,TAC,0.6666666666666666,2.3333333333333335
CTA,TAG,1.5,1.5
CTA,TAT,0.6666666666666666,2.3333333333333335
CTA,TCA,0.5,1.5
CTA,TCC,1.1666666666666667,1.8333333333333333
CTA,TCG,1.5,1.5
CTA,TCT,1.1666666666666667,1.8333333333333333
CTA,TGA,0.5,1.5
CTA,TGC,0.8333333333333334,2.1666666666666665
CTA,TGG,1.1666666666666667,1.8333333333333333
CTA,TGT,0.8333333333333334,2.1666666666666665
CTA,TTA,1.0,0.0
CTA,TTC,1.0,1.0
CTA,TTG,2.0,0.0
CTA,TTT,1.0,1.0
CTC,AAA,0.5,2.5
CTC,AAC,0.0,2.0
CTC,AAG,0.3333333333333333,2.6666666666666665
CTC,AAT,1.0,2.0
CTC,ACA,1.0,2.0
CTC,ACC,0.0,2.0
CTC,ACG,0.8333333333333334,2.1666666666666665
CTC,ACT,1.0,2.0
CTC,AGA,1.0,2.0
CTC,AGC,0.0,2.0
CTC,AGG,0.8333333333333334,2.1666666666666665
CTC,AGT,1.0,2.0
CTC,ATA,1.0,1.0
CTC,ATC,0.0,1.0
CTC,ATG,0.5,1.5
CTC,ATT,1.0,1.0
CTC,CAA,0.5,1.5
CTC,CAC,0.0,1.0
CTC,CAG,0.5,1.5
CTC,CAT,1.0,1.0
CTC,CCA,1.0,1.0
CTC,CCC,0.0,1.0
CTC,CCG,1.0,1.0
CTC,CCT,1.0,1.0
CTC,CGA,1.0,1.0
CTC,CGC,0.0,1.0
CTC,CGG,1.0,1.0
CTC,CGT,1.0,1.0
CTC,CTA,1.0,0.0
CTC,CTG,1.0,0.0
CTC,CTT,1.0,0.0
CTC,GAA,0.5,2.5
CTC,GAC,0.0,2.0
CTC,GAG,0.5,2.5
CTC,GAT,1.0,2.0
CTC,GCA,1.0,2.0
CTC,GCC,0.0,2.0
CTC,GCG,1.0,2.0
CTC,GCT,1.0,2.0
CTC,GGA,1.0,2.0
CTC,GGC,0.0,2.0
CTC,GGG,1.0,2.0
CTC,GGT,1.0,2.0
CTC,GTA,1.0,1.0
CTC,GTC,0.0,1.0
CTC,GTG,1.0,1.0
CTC,GTT,1.0,1.0
CTC,TAA,0.5,2.5
CTC,TAC,0.0,2.0
CTC,TAG,0.5,2.5
CTC,TAT,1.0,2.0
CTC,TCA,1.0,2.0
CTC,TCC,0.0,2.0
CTC,TCG,1.0,2.0
CTC,TCT,1.0,2.0
CTC,TGA,0.6666666666666666,2.3333333333333335
CTC,TGC,0.0,2.0
CTC,TGG,0.6666666666666666,2.3333333333333335
CTC,TGT,1.0,2.0
CTC,TTA,1.0,1.0
CTC,TTC,0.0,1.0
CTC,TTG,1.0,1.0
CTC,TTT,1.0,1.0
CTG,AAA,0.8333333333333334,2.1666666666666665
CTG,AAC,0.3333333333333333,2.6666666666666665
CTG,AAG,0.0,2.0
CTG,AAT,0.3333333333333333,2.6666666666666665
CTG,ACA,0.8333333333333334,2.1666666666666665
CTG,ACC,0.8333333333333334,2.1666666666666665
CTG,ACG,0.0,2.0
CTG,ACT,0.8333333333333334,2.1666666666666665
CTG,AGA,1.3333333333333333,1.6666666666666667
CTG,AGC,0.6666666666666666,2.3333333333333335
CTG,AGG,0.5,1.5
CTG,AGT,0.6666666666666666,2.3333333333333335
CTG,ATA,0.5,1.5
CTG,ATC,0.5,1.5
CTG,ATG,0.0,1.0
CTG,ATT,0.5,1.5
CTG,CAA,1.0,1.0
CTG,CAC,0.5,1.5
CTG,CAG,0.0,1.0
CTG,CAT,0.5,1.5
CTG,CCA,1.0,1.0
CTG,CCC,1.0,1.0
CTG,CCG,0.0,1.0
CTG,CCT,1.0,1.0
CTG,CGA,1.0,1.0
CTG,CGC,1.0,1.0
CTG,CGG,0.0,1.0
CTG,CGT,1.0,1.0
CTG,CTA,1.0,0.0
CTG,CTC,1.0,0.0
CTG,CTT,1.0,0.0
CTG,GAA,1.0,2.0
CTG,GAC,0.5,2.5
CTG,GAG,0.0,2.0
CTG,GAT,0.5,2.5
CTG,GCA,1.0,2.0
CTG,GCC,1.0,2.0
CTG,GCG,0.0,2.0
CTG,GCT,1.0,2.0
CTG,GGA,1.0,2.0
CTG,GGC,1.0,2.0
CTG,GGG,0.0,2.0
CTG,GGT,1.0,2.0
CTG,GTA,1.0,1.0
CTG,GTC,1.0,1.0
CTG,GTG,0.0,1.0
CTG,GTT,1.0,1.0
CTG,TAA,1.5,1.5
CTG,TAC,0.6666666666666666,2.3333333333333335
CTG,TAG,0.5,1.5
CTG,TAT,0.6666666666666666,2.3333333333333335
CTG,TCA,1.5,1.5
CTG,TCC,1.1666666666666667,1.8333333333333333
CTG,TCG,0.5,1.5
CTG,TCT,1.1666666666666667,1.8333333333333333
CTG,TGA,1.1666666666666667,1.8333333333333333
CTG,TGC,0.8333333333333334,2.1666666666666665
CTG,TGG,0.5,1.5
CTG,TGT,0.8333333333333334,2.1666666666666665
CTG,TTA,2.0,0.0
CTG,TTC,1.0,1.0
CTG,TTG,1.0,0.0
CTG,TTT,1.0,1.0
CTT,AAA,0.5,2.5
CTT,AAC,1.0,2.0
CTT,AAG,0.3333333333333333,2.6666666666666665
CTT,AAT,0.0,2.0
CTT,ACA,1.0,2.0
CTT,ACC,1.0,2.0
CTT,ACG,0.8333333333333334,2.1666666666666665
CTT,ACT,0.0,2.0
CTT,AGA,1.0,2.0
CTT,AGC,1.0,2.0
CTT,AGG,0.8333333333333334,2.1666666666666665
CTT,AGT,0.0,2.0
CTT,ATA,1.0,1.0
CTT,ATC,1.0,1.0
CTT,ATG,0.5,1.5
CTT,ATT,0.0,1.0
CTT,CAA,0.5,1.5
CTT,CAC,1.0,1.0
CTT,CAG,0.5,1.5
CTT,CAT,0.0,1.0
CTT,CCA,1.0,1.0
CTT,CCC,1.0,1.0
CTT,CCG,1.0,1.0
CTT,CCT,0.0,1.0
CTT,CGA,1.0,1.0
CTT,CGC,1.0,1.0
CTT,CGG,1.0,1.0
CTT,CGT,0.0,1.0
CTT,CTA,1.0,0.0
CTT,CTC,1.0,0.0
CTT,CTG,1.0,0.0
CTT,GAA,0.5,2.5
CTT,GAC,1.0,2.0
CTT,GAG,0.5,2.5
CTT,GAT,0.0,2.0
CTT,GCA,1.0,2.0
CTT,GCC,1.0,2.0
CTT,GCG,1.0,2.0
CTT,GCT,0.0,2.0
CTT,GGA,1.0,2.0
CTT,GGC,1.0,2.0
CTT,GGG,1.0,2.0
CTT,GGT,0.0,2.0
CTT,GTA,1.0,1.0
CTT,GTC,1.0,1.0
CTT,GTG,1.0,1.0
CTT,GTT,0.0,1.0
CTT,TAA,0.5,2.5
CTT,TAC,1.0,2.0
CTT,TAG,0.5,2.5
CTT,TAT,0.0,2.0
CTT,TCA,1.0,2.0
CTT,TCC,1.0,2.0
CTT,TCG,1.0,2.0
CTT,TCT,0.0,2.0
CTT,TGA,0.6666666666666666,2.3333333333333335
CTT,TGC,1.0,2.0
CTT,TGG,0.6666666666666666,2.3333333333333335
CTT,TGT,0.0,2.0
CTT,TTA,1.0,1.0
CTT,TTC,1.0,1.0
CTT,TTG,1.0,1.0
CTT,TTT,0.0,1.0
GAA,AAA,0.0,1.0
GAA,AAC,0.0,2.0
GAA,AAG,1.0,1.0
GAA,AAT,0.0,2.0
GAA,ACA,0.0,2.0
GAA,ACC,0.5,2.5
GAA,ACG,1.0,2.0
GAA,ACT,0.5,2.5
GAA,AGA,0.0,2.0
GAA,AGC,0.16666666666666666,2.8333333333333335
GAA,AGG,1.0,2.0
GAA,AGT,0.16666666666666666,2.8333333333333335
GAA,ATA,0.0,2.0
GAA,ATC,0.5,2.5
GAA,ATG,0.6666666666666666,2.3333333333333335
GAA,ATT,0.5,2.5
GAA,CAA,0.0,1.0
GAA,CAC,0.0,2.0
GAA,CAG,1.0,1.0
GAA,CAT,0.0,2.0
GAA,CCA,0.0,2.0
GAA,CCC,0.5,2.5
GAA,CCG,1.0,2.0
GAA,CCT,0.5,2.5
GAA,CGA,0.0,2.0
GAA,CGC,0.5,2.5
GAA,CGG,1.0,2.0
GAA,CGT,0.5,2.5
GAA,CTA,0.0,2.0
GAA,CTC,0.5,2.5
GAA,CTG,1.0,2.0
GAA,CTT,0.5,2.5
GAA,GAC,0.0,1.0
GAA,GAG,1.0,0.0
GAA,GAT,0.0,1.0
GAA,GCA,0.0,1.0
GAA,GCC,0.5,1.5
GAA,GCG,1.0,1.0
GAA,GCT,0.5,1.5
GAA,GGA,0.0,1.0
GAA,GGC,0.5,1.5
GAA,GGG,1.0,1.0
GAA,GGT,0.5,1.5
GAA,GTA,0.0,1.0
GAA,GTC,0.5,1.5
GAA,GTG,1.0,1.0
GAA,GTT,0.5,1.5
GAA,TAA,0.0,1.0
GAA,TAC,0.0,2.0
GAA,TAG,1.0,1.0
GAA,TAT,0.0,2.0
GAA,TCA,0.0,2.0
GAA,TCC,0.5,2.5
GAA,TCG,1.0,2.0
GAA,TCT,0.5,2.5
GAA,TGA,0.5,1.5
GAA,TGC,0.3333333333333333,2.6666666666666665
GAA,TGG,0.8333333333333334,2.1666666666666665
GAA,TGT,0.3333333333333333,2.6666666666666665
GAA,TTA,0.0,2.0
GAA,TTC,0.16666666666666666,2.8333333333333335
GAA,TTG,1.0,2.0
GAA,TTT,0.16666666666666666,2.8333333333333335
GAC,AAA,0.0,2.0
GAC,AAC,0.0,1.0
GAC,AAG,0.0,2.0
GAC,AAT,1.0,1.0
GAC,ACA,0.5,2.5
GAC,ACC,0.0,2.0
GAC,ACG,0.5,2.5
GAC,ACT,1.0,2.0
GAC,AGA,0.16666666666666666,2.8333333333333335
GAC,AGC,0.0,2.0
GAC,AGG,0.16666666666666666,2.8333333333333335
GAC,AGT,1.0,2.0
GAC,ATA,0.5,2.5
GAC,ATC,0.0,2.0
GAC,ATG,0.16666666666666666,2.8333333333333335
GAC,ATT,1.0,2.0
GAC,CAA,0.0,2.0
GAC,CAC,0.0,1.0
GAC,CAG,0.0,2.0
GAC,CAT,1.0,1.0
GAC,CCA,0.5,2.5
GAC,CCC,0.0,2.0
GAC,CCG,0.5,2.5
GAC,CCT,1.0,2.0
GAC,CGA,0.5,2.5
GAC,CGC,0.0,2.0
GAC,CGG,0.5,2.5
GAC,CGT,1.0,2.0
GAC,CTA,0.5,2.5
GAC,CTC,0.0,2.0
GAC,CTG,0.5,2.5
GAC,CTT,1.0,2.0
GAC,GAA,0.0,1.0
GAC,GAG,0.0,1.0
GAC,GAT,1.0,0.0
GAC,GCA,0.5,1.5
GAC,GCC,0.0,1.0
GAC,GCG,0.5,1.5
GAC,GCT,1.0,1.0
GAC,GGA,0.5,1.5
GAC,GGC,0.0,1.0
GAC,GGG,0.5,1.5
GAC,GGT,1.0,1.0
GAC,GTA,0.5,1.5
GAC,GTC,0.0,1.0
GAC,GTG,0.5,1.5
GAC,GTT,1.0,1.0
GAC,TAA,0.0,2.0
GAC,TAC,0.0,1.0
GAC,TAG,0.0,2.0
GAC,TAT,1.0,1.0
GAC,TCA,0.5,2.5
GAC,TCC,0.0,2.0
GAC,TCG,0.5,2.5
GAC,TCT,1.0,2.0
GAC,TGA,0.5,2.5
GAC,TGC,0.0,2.0
GAC,TGG,0.16666666666666666,2.8333333333333335
GAC,TGT,1.0,2.0
GAC,TTA,0.16666666666666666,2.8333333333333335
GAC,TTC,0.0,2.0
GAC,TTG,0.16666666666666666,2.8333333333333335
GAC,TTT,1.0,2.0
GAG,AAA,1.0,1.0
GAG,AAC,0.0,2.0
GAG,AAG,0.0,1.0
GAG,AAT,0.0,2.0
GAG,ACA,1.0,2.0
GAG,ACC,0.5,2.5
GAG,ACG,0.0,2.0
GAG,ACT,0.5,2.5
GAG,AGA,1.0,2.0
GAG,AGC,0.16666666666666666,2.8333333333333335
GAG,AGG,0.0,2.0
GAG,AGT,0.16666666666666666,2.8333333333333335
GAG,ATA,0.6666666666666666,2.3333333333333335
GAG,ATC,0.16666666666666666,2.8333333333333335
GAG,ATG,0.0,2.0
GAG,ATT,0.16666666666666666,2.8333333333333335
GAG,CAA,1.0,1.0
GAG,CAC,0.0,2.0
GAG,CAG,0.0,1.0
GAG,CAT,0.0,2.0
GAG,CCA,1.0,2.0
GAG,CCC,0.5,2.5
GAG,CCG,0.0,2.0
GAG,CCT,0.5,2.5
GAG,CGA,1.0,2.0
GAG,CGC,0.5,2.5
GAG,CGG,0.0,2.0
GAG,CGT,0.5,2.5
GAG,CTA,1.0,2.0
GAG,CTC,0.5,2.5
GAG,CTG,0.0,2.0
GAG,CTT,0.5,2.5
GAG,GAA,1.0,0.0
GAG,GAC,0.0,1.0
GAG,GAT,0.0,1.0
GAG,GCA,1.0,1.0
GAG,GCC,0.5,1.5
GAG,GCG,0.0,1.0
GAG,GCT,0.5,1.5
GAG,GGA,1.0,1.0
GAG,GGC,0.5,1.5
GAG,GGG,0.0,1.0
GAG,GGT,0.5,1.5
GAG,GTA,1.0,1.0
GAG,GTC,0.5,1.5
GAG,GTG,0.0,1.0
GAG,GTT,0.5,1.5
GAG,TAA,1.0,1.0
GAG,TAC,0.0,2.0
GAG,TAG,0.0,1.0
GAG,TAT,0.0,2.0
GAG,TCA,1.0,2.0
GAG,TCC,0.5,2.5
GAG,TCG,0.0,2.0
GAG,TCT,0.5,2.5
GAG,TGA,1.0,2.0
GAG,TGC,0.16666666666666666,2.8333333333333335
GAG,TGG,0.0,2.0
GAG,TGT,0.16666666666666666,2.8333333333333335
GAG,TTA,1.0,2.0
GAG,TTC,0.16666666666666666,2.8333333333333335
GAG,TTG,0.0,2.0
GAG,TTT,0.16666666666666666,2.8333333333333335
GAT,AAA,0.0,2.0
GAT,AAC,1.0,1.0
GAT,AAG,0.0,2.0
GAT,AAT,0.0,1.0
GAT,ACA,0.5,2.5
GAT,ACC,1.0,2.0
GAT,ACG,0.5,2.5
GAT,ACT,0.0,2.0
GAT,AGA,0.16666666666666666,2.8333333333333335
GAT,AGC,1.0,2.0
GAT,AGG,0.16666666666666666,2.8333333333333335
GAT,AGT,0.0,2.0
GAT,ATA,0.5,2.5
GAT,ATC,1.0,2.0
GAT,ATG,0.16666666666666666,2.8333333333333335
GAT,ATT,0.0,2.0
GAT,CAA,0.0,2.0
GAT,CAC,1.0,1.0
GAT,CAG,0.0,2.0
GAT,CAT,0.0,1.0
GAT,CCA,0.5,2.5
GAT,CCC,1.0,2.0
GAT,CCG,0.5,2.5
GAT,CCT,0.0,2.0
GAT,CGA,0.5,2.5
GAT,CGC,1.0,2.0
GAT,CGG,0.5,2.5
GAT,CGT,0.0,2.0
GAT,CTA,0.5,2.5
GAT,CTC,1.0,2.0
GAT,CTG,0.5,2.5
GAT,CTT,0.0,2.0
GAT,GAA,0.0,1.0
GAT,GAC,1.0,0.0
GAT,GAG,0.0,1.0
GAT,GCA,0.5,1.5
GAT,GCC,1.0,1.0
GAT,GCG,0.5,1.5
GAT,GCT,0.0,1.0
GAT,GGA,0.5,1.5
GAT,GGC,1.0,1.0
GAT,GGG,0.5,1.5
GAT,GGT,0.0,1.0
GAT,GTA,0.5,1.5
GAT,GTC,1.0,1.0
GAT,GTG,0.5,1.5
GAT,GTT,0.0,1.0
GAT,TAA,0.0,2.0
GAT,TAC,1.0,1.0
GAT,TAG,0.0,2.0
GAT,TAT,0.0,1.0
GAT,TCA,0.5,2.5
GAT,TCC,1.0,2.0
GAT,TCG,0.5,2.5
GAT,TCT,0.0,2.0
GAT,TGA,0.5,2.5
GAT,TGC,1.0,2.0
GAT,TGG,0.16666666666666666,2.8333333333333335
GAT,TGT,0.0,2.0
GAT,TTA,0.16666666666666666,2.8333333333333335
GAT,TTC,1.0,2.0
GAT,TTG,0.16666666666666666,2.8333333333333335
GAT,TTT,0.0,2.0
GCA,AAA,0.0,2.0
GCA,AAC,0.5,2.5
GCA,AAG,1.0,2.0
GCA,AAT,0.5,2.5
GCA,ACA,0.0,1.0
GCA,ACC,1.0,1.0
GCA,ACG,1.0,1.0
GCA,ACT,1.0,1.0
GCA,AGA,0.0,2.0
GCA,AGC,0.6666666666666666,2.3333333333333335
GCA,AGG,1.0,2.0
GCA,AGT,0.6666666666666666,2.3333333333333335
GCA,ATA,0.0,2.0
GCA,ATC,1.0,2.0
GCA,ATG,0.6666666666666666,2.3333333333333335
GCA,ATT,1.0,2.0
GCA,CAA,0.0,2.0
GCA,CAC,0.5,2.5
GCA,CAG,1.0,2.0
GCA,CAT,0.5,2.5
GCA,CCA,0.0,1.0
GCA,CCC,1.0,1.0
GCA,CCG,1.0,1.0
GCA,CCT,1.0,1.0
GCA,CGA,0.0,2.0
GCA,CGC,1.0,2.0
GCA,CGG,1.0,2.0
GCA,CGT,1.0,2.0
GCA,CTA,0.0,2.0
GCA,CTC,1.0,2.0
GCA,CTG,1.0,2.0
GCA,CTT,1.0,2.0
GCA,GAA,0.0,1.0
GCA,GAC,0.5,1.5
GCA,GAG,1.0,1.0
GCA,GAT,0.5,1.5
GCA,GCC,1.0,0.0
GCA,GCG,1.0,0.0
GCA,GCT,1.0,0.0
GCA,GGA,0.0,1.0
GCA,GGC,1.0,1.0
GCA,GGG,1.0,1.0
GCA,GGT,1.0,1.0
GCA,GTA,0.0,1.0
GCA,GTC,1.0,1.0
GCA,GTG,1.0,1.0
GCA,GTT,1.0,1.0
GCA,TAA,0.0,2.0
GCA,TAC,0.5,2.5
GCA,TAG,1.0,2.0
GCA,TAT,0.5,2.5
GCA,TCA,0.0,1.0
GCA,TCC,1.0,1.0
GCA,TCG,1.0,1.0
GCA,TCT,1.0,1.0
GCA,TGA,0.0,2.0
GCA,TGC,0.6666666666666666,2.3333333333333335
GCA,TGG,0.6666666666666666,2.3333333333333335
GCA,TGT,0.6666666666666666,2.3333333333333335
GCA,TTA,0.0,2.0
GCA,TTC,0.6666666666666666,2.3333333333333335
GCA,TTG,1.0,2.0
GCA,TTT,0.6666666666666666,2.3333333333333335
GCC,AAA,0.5,2.5
GCC,AAC,0.0,2.0
GCC,AAG,0.5,2.5
GCC,AAT,1.0,2.0
GCC,ACA,1.0,1.0
GCC,ACC,0.0,1.0
GCC,ACG,1.0,1.0
GCC,ACT,1.0,1.0
GCC,AGA,0.6666666666666666,2.3333333333333335
GCC,AGC,0.0,2.0
GCC,AGG,0.6666666666666666,2.3333333333333335
GCC,AGT,1.0,2.0
GCC,ATA,1.0,2.0
GCC,ATC,0.0,2.0
GCC,ATG,0.6666666666666666,2.3333333333333335
GCC,ATT,1.0,2.0
GCC,CAA,0.5,2.5
GCC,CAC,0.0,2.0
GCC,CAG,0.5,2.5
GCC,CAT,1.0,2.0
GCC,CCA,1.0,1.0
GCC,CCC,0.0,1.0
GCC,CCG,1.0,1.0
GCC,CCT,1.0,1.0
GCC,CGA,1.0,2.0
GCC,CGC,0.0,2.0
GCC,CGG,1.0,2.0
GCC,CGT,1.0,2.0
GCC,CTA,1.0,2.0
GCC,CTC,0.0,2.0
GCC,CTG,1.0,2.0
GCC,CTT,1.0,2.0
GCC,GAA,0.5,1.5
GCC,GAC,0.0,1.0
GCC,GAG,0.5,1.5
GCC,GAT,1.0,1.0
GCC,GCA,1.0,0.0
GCC,GCG,1.0,0.0
GCC,GCT,1.0,0.0
GCC,GGA,1.0,1.0
GCC,GGC,0.0,1.0
GCC,GGG,1.0,1.0
GCC,GGT,1.0,1.0
GCC,GTA,1.0,1.0
GCC,GTC,0.0,1.0
GCC,GTG,1.0,1.0
GCC,GTT,1.0,1.0
GCC,TAA,0.5,2.5
GCC,TAC,0.0,2.0
GCC,TAG,0.5,2.5
GCC,TAT,1.0,2.0
GCC,TCA,1.0,1.0
GCC,TCC,0.0,1.0
GCC,TCG,1.0,1.0
GCC,TCT,1.0,1.0
GCC,TGA,0.6666666666666666,2.3333333333333335
GCC,TGC,0.0,2.0
GCC,TGG,0.6666666666666666,2.3333333333333335
GCC,TGT,1.0,2.0
GCC,TTA,0.6666666666666666,2.3333333333333335
GCC,TTC,0.0,2.0
GCC,TTG,0.6666666666666666,2.3333333333333335
GCC,TTT,1.0,2.0
GCG,AAA,1.0,2.0
GCG,AAC,0.5,2.5
GCG,AAG,0.0,2.0
GCG,AAT,0.5,2.5
GCG,ACA,1.0,1.0
GCG,ACC,1.0,1.0
GCG,ACG,0.0,1.0
GCG,ACT,1.0,1.0
GCG,AGA,1.0,2.0
GCG,AGC,0.6666666666666666,2.3333333333333335
GCG,AGG,0.0,2.0
GCG,AGT,0.6666666666666666,2.3333333333333335
GCG,ATA,0.6666666666666666,2.3333333333333335
GCG,ATC,0.6666666666666666,2.3333333333333335
GCG,ATG,0.0,2.0
GCG,ATT,0.6666666666666666,2.3333333333333335
GCG,CAA,1.0,2.0
GCG,CAC,0.5,2.5
GCG,CAG,0.0,2.0
GCG,CAT,0.5,2.5
GCG,CCA,1.0,1.0
GCG,CCC,1.0,1.0
GCG,CCG,0.0,1.0
GCG,CCT,1.0,1.0
GCG,CGA,1.0,2.0
GCG,CGC,1.0,2.0
GCG,CGG,0.0,2.0
GCG,CGT,1.0,2.0
GCG,CTA,1.0,2.0
GCG,CTC,1.0,2.0
GCG,CTG,0.0,2.0
GCG,CTT,1.0,2.0
GCG,GAA,1.0,1.0
GCG,GAC,0.5,1.5
GCG,GAG,0.0,1.0
GCG,GAT,0.5,1.5
GCG,GCA,1.0,0.0
GCG,GCC,1.0,0.0
GCG,GCT,1.0,0.0
GCG,GGA,1.0,1.0
GCG,GGC,1.0,1.0
GCG,GGG,0.0,1.0
GCG,GGT,1.0,1.0
GCG,GTA,1.0,1.0
GCG,GTC,1.0,1.0
GCG,GTG,0.0,1.0
GCG,GTT,1.0,1.0
GCG,TAA,1.0,2.0
GCG,TAC,0.5,2.5
GCG,TAG,0.0,2.0
GCG,TAT,0.5,2.5
GCG,TCA,1.0,1.0
GCG,TCC,1.0,1.0
GCG,TCG,0.0,1.0
GCG,TCT,1.0,1.0
GCG,TGA,0.6666666666666666,2.3333333333333335
GCG,TGC,0.6666666666666666,2.3333333333333335
GCG,TGG,0.0,2.0
GCG,TGT,0.6666666666666666,2.3333333333333335
GCG,TTA,1.0,2.0
GCG,TTC,0.6666666666666666,2.3333333333333335
GCG,TTG,0.0,2.0
GCG,TTT,0.6666666666666666,2.3333333333333335
GCT,AAA,0.5,2.5
GCT,AAC,1.0,2.0
GCT,AAG,0.5,2.5
GCT,AAT,0.0,2.0
GCT,ACA,1.0,1.0
GCT,ACC,1.0,1.0
GCT,ACG,1.0,1.0
GCT,ACT,0.0,1.0
GCT,AGA,0.6666666666666666,2.3333333333333335
GCT,AGC,1.0,2.0
GCT,AGG,0.6666666666666666,2.3333333333333335
GCT,AGT,0.0,2.0
GCT,ATA,1.0,2.0
GCT,ATC,1.0,2.0
GCT,ATG,0.6666666666666666,2.3333333333333335
GCT,ATT,0.0,2.0
GCT,CAA,0.5,2.5
GCT,CAC,1.0,2.0
GCT,CAG,0.5,2.5
GCT,CAT,0.0,2.0
GCT,CCA,1.0,1.0
GCT,CCC,1.0,1.0
GCT,CCG,1.0,1.0
GCT,CCT,0.0,1.0
GCT,CGA,1.0,2.0
GCT,CGC,1.0,2.0
GCT,CGG,1.0,2.0
GCT,CGT,0.0,2.0
GCT,CTA,1.0,2.0
GCT,CTC,1.0,2.0
GCT,CTG,1.0,2.0
GCT,CTT,0.0,2.0
GCT,GAA,0.5,1.5
GCT,GAC,1.0,1.0
GCT,GAG,0.5,1.5
GCT,GAT,0.0,1.0
GCT,GCA,1.0,0.0
GCT,GCC,1.0,0.0
GCT,GCG,1.0,0.0
GCT,GGA,1.0,1.0
GCT,GGC,1.0,1.0
GCT,GGG,1.0,1.0
GCT,GGT,0.0,1.0
GCT,GTA,1.0,1.0
GCT,GTC,1.0,1.0
GCT,GTG,1.0,1.0
GCT,GTT,0.0,1.0
GCT,TAA,0.5,2.5
GCT,TAC,1.0,2.0
GCT,TAG,0.5,2.5
GCT,TAT,0.0,2.0
GCT,TCA,1.0,1.0
GCT,TCC,1.0,1.0
GCT,TCG,1.0,1.0
GCT,TCT,0.0,1.0
GCT,TGA,0.6666666666666666,2.3333333333333335
GCT,TGC,1.0,2.0
GCT,TGG,0.6666666666666666,2.3333333333333335
GCT,TGT,0.0,2.0
GCT,TTA,0.6666666666666666,2.3333333333333335
GCT,TTC,1.0,2.0
GCT,TTG,0.6666666666666666,2.3333333333333335
GCT,TTT,0.0,2.0
GGA,AAA,0.0,2.0
GGA,AAC,0.3333333333333333,2.6666666666666665
GGA,AAG,1.0,2.0
GGA,AAT,0.3333333333333333,2.6666666666666665
GGA,ACA,0.0,2.0
GGA,ACC,0.8333333333333334,2.1666666666666665
GGA,ACG,1.0,2.0
GGA,ACT,0.8333333333333334,2.1666666666666665
GGA,AGA,0.0,1.0
GGA,AGC,0.5,1.5
GGA,AGG,1.0,1.0
GGA,AGT,0.5,1.5
GGA,ATA,0.0,2.0
GGA,ATC,0.8333333333333334,2.1666666666666665
GGA,ATG,0.6666666666666666,2.3333333333333335
GGA,ATT,0.8333333333333334,2.1666666666666665
GGA,CAA,0.0,2.0
GGA,CAC,0.5,2.5
GGA,CAG,1.0,2.0
GGA,CAT,0.5,2.5
GGA,CCA,0.0,2.0
GGA,CCC,1.0,2.0
GGA,CCG,1.0,2.0
GGA,CCT,1.0,2.0
GGA,CGA,0.0,1.0
GGA,CGC,1.0,1.0
GGA,CGG,1.0,1.0
GGA,CGT,1.0,1.0
GGA,CTA,0.0,2.0
GGA,CTC,1.0,2.0
GGA,CTG,1.0,2.0
GGA,CTT,1.0,2.0
GGA,GAA,0.0,1.0
GGA,GAC,0.5,1.5
GGA,GAG,1.0,1.0
GGA,GAT,0.5,1.5
GGA,GCA,0.0,1.0
GGA,GCC,1.0,1.0
GGA,GCG,1.0,1.0
GGA,GCT,1.0,1.0
GGA,GGC,1.0,0.0
GGA,GGG,1.0,0.0
GGA,GGT,1.0,0.0
GGA,GTA,0.0,1.0
GGA,GTC,1.0,1.0
GGA,GTG,1.0,1.0
GGA,GTT,1.0,1.0
GGA,TAA,0.5,1.5
GGA,TAC,0.5,2.5
GGA,TAG,1.0,2.0
GGA,TAT,0.5,2.5
GGA,TCA,0.0,2.0
GGA,TCC,0.8333333333333334,2.1666666666666665
GGA,TCG,0.8333333333333334,2.1666666666666665
GGA,TCT,0.8333333333333334,2.1666666666666665
GGA,TGA,0.0,1.0
GGA,TGC,0.5,1.5
GGA,TGG,0.5,1.5
GGA,TGT,0.5,1.5
GGA,TTA,0.0,2.0
GGA,TTC,0.5,2.5
GGA,TTG,0.8333333333333334,2.1666666666666665
GGA,TTT,0.5,2.5
GGC,AAA,0.3333333333333333,2.6666666666666665
GGC,AAC,0.0,2.0
GGC,AAG,0.3333333333333333,2.6666666666666665
GGC,AAT,1.0,2.0
GGC,ACA,0.8333333333333334,2.1666666666666665
GGC,ACC,0.0,2.0
GGC,ACG,0.8333333333333334,2.1666666666666665
GGC,ACT,1.0,2.0
GGC,AGA,0.5,1.5
GGC,AGC,0.0,1.0
GGC,AGG,0.5,1.5
GGC,AGT,1.0,1.0
GGC,ATA,0.8333333333333334,2.1666666666666665
GGC,ATC,0.0,2.0
GGC,ATG,0.5,2.5
GGC,ATT,1.0,2.0
GGC,CAA,0.5,2.5
GGC,CAC,0.0,2.0
GGC,CAG,0.5,2.5
GGC,CAT,1.0,2.0
GGC,CCA,1.0,2.0
GGC,CCC,0.0,2.0
GGC,CCG,1.0,2.0
GGC,CCT,1.0,2.0
GGC,CGA,1.0,1.0
GGC,CGC,0.0,1.0
GGC,CGG,1.0,1.0
GGC,CGT,1.0,1.0
GGC,CTA,1.0,2.0
GGC,CTC,0.0,2.0
GGC,CTG,1.0,2.0
GGC,CTT,1.0,2.0
GGC,GAA,0.5,1.5
GGC,GAC,0.0,1.0
GGC,GAG,0.5,1.5
GGC,GAT,1.0,1.0
GGC,GCA,1.0,1.0
GGC,GCC,0.0,1.0
GGC,GCG,1.0,1.0
GGC,GCT,1.0,1.0
GGC,GGA,1.0,0.0
GGC,GGG,1.0,0.0
GGC,GGT,1.0,0.0
GGC,GTA,1.0,1.0
GGC,GTC,0.0,1.0
GGC,GTG,1.0,1.0
GGC,GTT,1.0,1.0
GGC,TAA,0.6666666666666666,2.3333333333333335
GGC,TAC,0.0,2.0
GGC,TAG,0.3333333333333333,2.6666666666666665
GGC,TAT,1.0,2.0
GGC,TCA,0.8333333333333334,2.1666666666666665
GGC,TCC,0.0,2.0
GGC,TCG,0.8333333333333334,2.1666666666666665
GGC,TCT,1.0,2.0
GGC,TGA,0.5,1.5
GGC,TGC,0.0,1.0
GGC,TGG,0.5,1.5
GGC,TGT,1.0,1.0
GGC,TTA,0.5,2.5
GGC,TTC,0.0,2.0
GGC,TTG,0.5,2.5
GGC,TTT,1.0,2.0
GGG,AAA,1.0,2.0
GGG,AAC,0.3333333333333333,2.6666666666666665
GGG,AAG,0.0,2.0
GGG,AAT,0.3333333333333333,2.6666666666666665
GGG,ACA,1.0,2.0
GGG,ACC,0.8333333333333334,2.1666666666666665
GGG,ACG,0.0,2.0
GGG,ACT,0.8333333333333334,2.1666666666666665
GGG,AGA,1.0,1.0
GGG,AGC,0.5,1.5
GGG,AGG,0.0,1.0
GGG,AGT,0.5,1.5
GGG,ATA,0.6666666666666666,2.3333333333333335
GGG,ATC,0.5,2.5
GGG,ATG,0.0,2.0
GGG,ATT,0.5,2.5
GGG,CAA,1.0,2.0
GGG,CAC,0.5,2.5
GGG,CAG,0.0,2.0
GGG,CAT,0.5,2.5
GGG,CCA,1.0,2.0
GGG,CCC,1.0,2.0
GGG,CCG,0.0,2.0
GGG,CCT,1.0,2.0
GGG,CGA,1.0,1.0
GGG,CGC,1.0,1.0
GGG,CGG,0.0,1.0
GGG,CGT,1.0,1.0
GGG,CTA,1.0,2.0
GGG,CTC,1.0,2.0
GGG,CTG,0.0,2.0
GGG,CTT,1.0,2.0
GGG,GAA,1.0,1.0
GGG,GAC,0.5,1.5
GGG,GAG,0.0,1.0
GGG,GAT,0.5,1.5
GGG,GCA,1.0,1.0
GGG,GCC,1.0,1.0
GGG,GCG,0.0,1.0
GGG,GCT,1.0,1.0
GGG,GGA,1.0,0.0
GGG,GGC,1.0,0.0
GGG,GGT,1.0,0.0
GGG,GTA,1.0,1.0
GGG,GTC,1.0,1.0
GGG,GTG,0.0,1.0
GGG,GTT,1.0,1.0
GGG,TAA,1.1666666666666667,1.8333333333333333
GGG,TAC,0.3333333333333333,2.6666666666666665
GGG,TAG,0.0,2.0
GGG,TAT,0.3333333333333333,2.6666666666666665
GGG,TCA,0.8333333333333334,2.1666666666666665
GGG,TCC,0.8333333333333334,2.1666666666666665
GGG,TCG,0.0,2.0
GGG,TCT,0.8333333333333334,2.1666666666666665
GGG,TGA,0.5,1.5
GGG,TGC,0.5,1.5
GGG,TGG,0.0,1.0
GGG,TGT,0.5,1.5
GGG,TTA,0.8333333333333334,2.1666666666666665
GGG,TTC,0.5,2.5
GGG,TTG,0.0,2.0
GGG,TTT,0.5,2.5
GGT,AAA,0.3333333333333333,2.6666666666666665
GGT,AAC,1.0,2.0
GGT,AAG,0.3333333333333333,2.6666666666666665
GGT,AAT,0.0,2.0
GGT,ACA,0.8333333333333334,2.1666666666666665
GGT,ACC,1.0,2.0
GGT,ACG,0.8333333333333334,2.1666666666666665
GGT,ACT,0.0,2.0
GGT,AGA,0.5,1.5
GGT,AGC,1.0,1.0
GGT,AGG,0.5,1.5
GGT,AGT,0.0,1.0
GGT,ATA,0.8333333333333334,2.1666666666666665
GGT,ATC,1.0,2.0
GGT,ATG,0.5,2.5
GGT,ATT,0.0,2.0
GGT,CAA,0.5,2.5
GGT,CAC,1.0,2.0
GGT,CAG,0.5,2.5
GGT,CAT,0.0,2.0
GGT,CCA,1.0,2.0
GGT,CCC,1.0,2.0
GGT,CCG,1.0,2.0
GGT,CCT,0.0,2.0
GGT,CGA,1.0,1.0
GGT,CGC,1.0,1.0
GGT,CGG,1.0,1.0
GGT,CGT,0.0,1.0
GGT,CTA,1.0,2.0
GGT,CTC,1.0,2.0
GGT,CTG,1.0,2.0
GGT,CTT,0.0,2.0
GGT,GAA,0.5,1.5
GGT,GAC,1.0,1.0
GGT,GAG,0.5,1.5
GGT,GAT,0.0,1.0
GGT,GCA,1.0,1.0
GGT,GCC,1.0,1.0
GGT,GCG,1.0,1.0
GGT,GCT,0.0,1.0
GGT,GGA,1.0,0.0
GGT,GGC,1.0,0.0
GGT,GGG,1.0,0.0
GGT,GTA,1.0,1.0
GGT,GTC,1.0,1.0
GGT,GTG,1.0,1.0
GGT,GTT,0.0,1.0
GGT,TAA,0.6666666666666666,2.3333333333333335
GGT,TAC,1.0,2.0
GGT,TAG,0.3333333333333333,2.6666666666666665
GGT,TAT,0.0,2.0
GGT,TCA,0.8333333333333334,2.1666666666666665
GGT,TCC,1.0,2.0
GGT,TCG,0.8333333333333334,2.1666666666666665
GGT,TCT,0.0,2.0
GGT,TGA,0.5,1.5
GGT,TGC,1.0,1.0
GGT,TGG,0.5,1.5
GGT,TGT,0.0,1.0
GGT,TTA,0.5,2.5
GGT,TTC,1.0,2.0
GGT,TTG,0.5,2.5
GGT,TTT,0.0,2.0
GTA,AAA,0.0,2.0
GTA,AAC,0.5,2.5
GTA,AAG,0.8333333333333334,2.1666666666666665
GTA,AAT,0.5,2.5
GTA,ACA,0.0,2.0
GTA,ACC,1.0,2.0
GTA,ACG,0.8333333333333334,2.1666666666666665
GTA,ACT,1.0,2.0
GTA,AGA,0.0,2.0
GTA,AGC,0.6666666666666666,2.3333333333333335
GTA,AGG,0.8333333333333334,2.1666666666666665
GTA,AGT,0.6666666666666666,2.3333333333333335
GTA,ATA,0.0,1.0
GTA,ATC,1.0,1.0
GTA,ATG,0.5,1.5
GTA,ATT,1.0,1.0
GTA,CAA,0.0,2.0
GTA,CAC,0.5,2.5
GTA,CAG,1.0,2.0
GTA,CAT,0.5,2.5
GTA,CCA,0.0,2.0
GTA,CCC,1.0,2.0
GTA,CCG,1.0,2.0
GTA,CCT,1.0,2.0
GTA,CGA,0.0,2.0
GTA,CGC,1.0,2.0
GTA,CGG,1.0,2.0
GTA,CGT,1.0,2.0
GTA,CTA,0.0,1.0
GTA,CTC,1.0,1.0
GTA,CTG,1.0,1.0
GTA,CTT,1.0,1.0
GTA,GAA,0.0,1.0
GTA,GAC,0.5,1.5
GTA,GAG,1.0,1.0
GTA,GAT,0.5,1.5
GTA,GCA,0.0,1.0
GTA,GCC,1.0,1.0
GTA,GCG,1.0,1.0
GTA,GCT,1.0,1.0
GTA,GGA,0.0,1.0
GTA,GGC,1.0,1.0
GTA,GGG,1.0,1.0
GTA,GGT,1.0,1.0
GTA,GTC,1.0,0.0
GTA,GTG,1.0,0.0
GTA,GTT,1.0,0.0
GTA,TAA,0.0,2.0
GTA,TAC,0.3333333333333333,2.6666666666666665
GTA,TAG,1.0,2.0
GTA,TAT,0.3333333333333333,2.6666666666666665
GTA,TCA,0.0,2.0
GTA,TCC,0.8333333333333334,2.1666666666666665
GTA,TCG,1.0,2.0
GTA,TCT,0.8333333333333334,2.1666666666666665
GTA,TGA,0.0,2.0
GTA,TGC,0.5,2.5
GTA,TGG,0.6666666666666666,2.3333333333333335
GTA,TGT,0.5,2.5
GTA,TTA,0.0,1.0
GTA,TTC,0.5,1.5
GTA,TTG,1.0,1.0
GTA,TTT,0.5,1.5
GTC,AAA,0.5,2.5
GTC,AAC,0.0,2.0
GTC,AAG,0.3333333333333333,2.6666666666666665
GTC,AAT,1.0,2.0
GTC,ACA,1.0,2.0
GTC,ACC,0.0,2.0
GTC,ACG,0.8333333333333334,2.1666666666666665
GTC,ACT,1.0,2.0
GTC,AGA,0.6666666666666666,2.3333333333333335
GTC,AGC,0.0,2.0
GTC,AGG,0.5,2.5
GTC,AGT,1.0,2.0
GTC,ATA,1.0,1.0
GTC,ATC,0.0,1.0
GTC,ATG,0.5,1.5
GTC,ATT,1.0,1.0
GTC,CAA,0.5,2.5
GTC,CAC,0.0,2.0
GTC,CAG,0.5,2.5
GTC,CAT,1.0,2.0
GTC,CCA,1.0,2.0
GTC,CCC,0.0,2.0
GTC,CCG,1.0,2.0
GTC,CCT,1.0,2.0
GTC,CGA,1.0,2.0
GTC,CGC,0.0,2.0
GTC,CGG,1.0,2.0
GTC,CGT,1.0,2.0
GTC,CTA,1.0,1.0
GTC,CTC,0.0,1.0
GTC,CTG,1.0,1.0
GTC,CTT,1.0,1.0
GTC,GAA,0.5,1.5
GTC,GAC,0.0,1.0
GTC,GAG,0.5,1.5
GTC,GAT,1.0,1.0
GTC,GCA,1.0,1.0
GTC,GCC,0.0,1.0
GTC,GCG,1.0,1.0
GTC,GCT,1.0,1.0
GTC,GGA,1.0,1.0
GTC,GGC,0.0,1.0
GTC,GGG,1.0,1.0
GTC,GGT,1.0,1.0
GTC,GTA,1.0,0.0
GTC,GTG,1.0,0.0
GTC,GTT,1.0,0.0
GTC,TAA,0.3333333333333333,2.6666666666666665
GTC,TAC,0.0,2.0
GTC,TAG,0.3333333333333333,2.6666666666666665
GTC,TAT,1.0,2.0
GTC,TCA,0.8333333333333334,2.1666666666666665
GTC,TCC,0.0,2.0
GTC,TCG,0.8333333333333334,2.1666666666666665
GTC,TCT,1.0,2.0
GTC,TGA,0.5,2.5
GTC,TGC,0.0,2.0
GTC,TGG,0.5,2.5
GTC,TGT,1.0,2.0
GTC,TTA,0.5,1.5
GTC,TTC,0.0,1.0
GTC,TTG,0.5,1.5
GTC,TTT,1.0,1.0
GTG,AAA,0.8333333333333334,2.1666666666666665
GTG,AAC,0.3333333333333333,2.6666666666666665
GTG,AAG,0.0,2.0
GTG,AAT,0.3333333333333333,2.6666666666666665
GTG,ACA,0.8333333333333334,2.1666666666666665
GTG,ACC,0.8333333333333334,2.1666666666666665
GTG,ACG,0.0,2.0
GTG,ACT,0.8333333333333334,2.1666666666666665
GTG,AGA,0.8333333333333334,2.1666666666666665
GTG,AGC,0.5,2.5
GTG,AGG,0.0,2.0
GTG,AGT,0.5,2.5
GTG,ATA,0.5,1.5
GTG,ATC,0.5,1.5
GTG,ATG,0.0,1.0
GTG,ATT,0.5,1.5
GTG,CAA,1.0,2.0
GTG,CAC,0.5,2.5
GTG,CAG,0.0,2.0
GTG,CAT,0.5,2.5
GTG,CCA,1.0,2.0
GTG,CCC,1.0,2.0
GTG,CCG,0.0,2.0
GTG,CCT,1.0,2.0
GTG,CGA,1.0,2.0
GTG,CGC,1.0,2.0
GTG,CGG,0.0,2.0
GTG,CGT,1.0,2.0
GTG,CTA,1.0,1.0
GTG,CTC,1.0,1.0
GTG,CTG,0.0,1.0
GTG,CTT,1.0,1.0
GTG,GAA,1.0,1.0
GTG,GAC,0.5,1.5
GTG,GAG,0.0,1.0
GTG,GAT,0.5,1.5
GTG,GCA,1.0,1.0
GTG,GCC,1.0,1.0
GTG,GCG,0.0,1.0
GTG,GCT,1.0,1.0
GTG,GGA,1.0,1.0
GTG,GGC,1.0,1.0
GTG,GGG,0.0,1.0
GTG,GGT,1.0,1.0
GTG,GTA,1.0,0.0
GTG,GTC,1.0,0.0
GTG,GTT,1.0,0.0
GTG,TAA,1.0,2.0
GTG,TAC,0.3333333333333333,2.6666666666666665
GTG,TAG,0.0,2.0
GTG,TAT,0.3333333333333333,2.6666666666666665
GTG,TCA,1.0,2.0
GTG,TCC,0.8333333333333334,2.1666666666666665
GTG,TCG,0.0,2.0
GTG,TCT,0.8333333333333334,2.1666666666666665
GTG,TGA,0.6666666666666666,2.3333333333333335
GTG,TGC,0.5,2.5
GTG,TGG,0.0,2.0
GTG,TGT,0.5,2.5
GTG,TTA,1.0,1.0
GTG,TTC,0.5,1.5
GTG,TTG,0.0,1.0
GTG,TTT,0.5,1.5
GTT,AAA,0.5,2.5
GTT,AAC,1.0,2.0
GTT,AAG,0.3333333333333333,2.6666666666666665
GTT,AAT,0.0,2.0
GTT,ACA,1.0,2.0
GTT,ACC,1.0,2.0
GTT,ACG,0.8333333333333334,2.1666666666666665
GTT,ACT,0.0,2.0
GTT,AGA,0.6666666666666666,2.3333333333333335
GTT,AGC,1.0,2.0
GTT,AGG,0.5,2.5
GTT,AGT,0.0,2.0
GTT,ATA,1.0,1.0
GTT,ATC,1.0,1.0
GTT,ATG,0.5,1.5
GTT,ATT,0.0,1.0
GTT,CAA,0.5,2.5
GTT,CAC,1.0,2.0
GTT,CAG,0.5,2.5
GTT,CAT,0.0,2.0
GTT,CCA,1.0,2.0
GTT,CCC,1.0,2.0
GTT,CCG,1.0,2.0
GTT,CCT,0.0,2.0
GTT,CGA,1.0,2.0
GTT,CGC,1.0,2.0
GTT,CGG,1.0,2.0
GTT,CGT,0.0,2.0
GTT,CTA,1.0,1.0
GTT,CTC,1.0,1.0
GTT,CTG,1.0,1.0
GTT,CTT,0.0,1.0
GTT,GAA,0.5,1.5
GTT,GAC,1.0,1.0
GTT,GAG,0.5,1.5
GTT,GAT,0.0,1.0
GTT,GCA,1.0,1.0
GTT,GCC,1.0,1.0
GTT,GCG,1.0,1.0
GTT,GCT,0.0,1.0
GTT,GGA,1.0,1.0
GTT,GGC,1.0,1.0
GTT,GGG,1.0,1.0
GTT,GGT,0.0,1.0
GTT,GTA,1.0,0.0
GTT,GTC,1.0,0.0
GTT,GTG,1.0,0.0
GTT,TAA,0.3333333333333333,2.6666666666666665
GTT,TAC,1.0,2.0
GTT,TAG,0.3333333333333333,2.6666666666666665
GTT,TAT,0.0,2.0
GTT,TCA,0.8333333333333334,2.1666666666666665
GTT,TCC,1.0,2.0
GTT,TCG,0.8333333333333334,2.1666666666666665
GTT,TCT,0.0,2.0
GTT,TGA,0.5,2.5
GTT,TGC,1.0,2.0
GTT,TGG,0.5,2.5
GTT,TGT,0.0,2.0
GTT,TTA,0.5,1.5
GTT,TTC,1.0,1.0
GTT,TTG,0.5,1.5
GTT,TTT,0.0,1.0
TAA,AAA,0.0,1.0
TAA,AAC,0.0,2.0
TAA,AAG,1.0,1.0
TAA,AAT,0.0,2.0
TAA,ACA,0.0,2.0
TAA,ACC,0.5,2.5
TAA,ACG,1.0,2.0
TAA,ACT,0.5,2.5
TAA,AGA,0.5,1.5
TAA,AGC,0.3333333333333333,2.6666666666666665
TAA,AGG,1.1666666666666667,1.8333333333333333
TAA,AGT,0.3333333333333333,2.6666666666666665
TAA,ATA,0.0,2.0
TAA,ATC,0.3333333333333333,2.6666666666666665
TAA,ATG,0.6666666666666666,2.3333333333333335
TAA,ATT,0.3333333333333333,2.6666666666666665
TAA,CAA,0.0,1.0
TAA,CAC,0.0,2.0
TAA,CAG,1.0,1.0
TAA,CAT,0.0,2.0
TAA,CCA,0.0,2.0
TAA,CCC,0.5,2.5
TAA,CCG,1.0,2.0
TAA,CCT,0.5,2.5
TAA,CGA,0.5,1.5
TAA,CGC,0.6666666666666666,2.3333333333333335
TAA,CGG,1.1666666666666667,1.8333333333333333
TAA,CGT,0.6666666666666666,2.3333333333333335
TAA,CTA,0.5,1.5
TAA,CTC,0.5,2.5
TAA,CTG,1.5,1.5
TAA,CTT,0.5,2.5
TAA,GAA,0.0,1.0
TAA,GAC,0.0,2.0
TAA,GAG,1.0,1.0
TAA,GAT,0.0,2.0
TAA,GCA,0.0,2.0
TAA,GCC,0.5,2.5
TAA,GCG,1.0,2.0
TAA,GCT,0.5,2.5
TAA,GGA,0.5,1.5
TAA,GGC,0.6666666666666666,2.3333333333333335
TAA,GGG,1.1666666666666667,1.8333333333333333
TAA,GGT,0.6666666666666666,2.3333333333333335
TAA,GTA,0.0,2.0
TAA,GTC,0.3333333333333333,2.6666666666666665
TAA,GTG,1.0,2.0
TAA,GTT,0.3333333333333333,2.6666666666666665
TAA,TAC,0.0,1.0
TAA,TAG,1.0,0.0
TAA,TAT,0.0,1.0
TAA,TCA,0.0,1.0
TAA,TCC,0.5,1.5
TAA,TCG,1.0,1.0
TAA,TCT,0.5,1.5
TAA,TGA,1.0,0.0
TAA,TGC,0.5,1.5
TAA,TGG,1.0,1.0
TAA,TGT,0.5,1.5
TAA,TTA,0.0,1.0
TAA,TTC,0.0,2.0
TAA,TTG,1.0,1.0
TAA,TTT,0.0,2.0
TAC,AAA,0.0,2.0
TAC,AAC,0.0,1.0
TAC,AAG,0.0,2.0
TAC,AAT,1.0,1.0
TAC,ACA,0.5,2.5
TAC,ACC,0.0,2.0
TAC,ACG,0.5,2.5
TAC,ACT,1.0,2.0
TAC,AGA,0.16666666666666666,2.8333333333333335
TAC,AGC,0.0,2.0
TAC,AGG,0.0,3.0
TAC,AGT,1.0,2.0
TAC,ATA,0.3333333333333333,2.6666666666666665
TAC,ATC,0.0,2.0
TAC,ATG,0.0,3.0
TAC,ATT,1.0,2.0
TAC,CAA,0.0,2.0
TAC,CAC,0.0,1.0
TAC,CAG,0.0,2.0
TAC,CAT,1.0,1.0
TAC,CCA,0.5,2.5
TAC,CCC,0.0,2.0
TAC,CCG,0.5,2.5
TAC,CCT,1.0,2.0
TAC,CGA,0.5,2.5
TAC,CGC,0.0,2.0
TAC,CGG,0.3333333333333333,2.6666666666666665
TAC,CGT,1.0,2.0
TAC,CTA,0.6666666666666666,2.3333333333333335
TAC,CTC,0.0,2.0
TAC,CTG,0.6666666666666666,2.3333333333333335
TAC,CTT,1.0,2.0
TAC,GAA,0.0,2.0
TAC,GAC,0.0,1.0
TAC,GAG,0.0,2.0
TAC,GAT,1.0,1.0
TAC,GCA,0.5,2.5
TAC,GCC,0.0,2.0
TAC,GCG,0.5,2.5
TAC,GCT,1.0,2.0
TAC,GGA,0.5,2.5
TAC,GGC,0.0,2.0
TAC,GGG,0.3333333333333333,2.6666666666666665
TAC,GGT,1.0,2.0
TAC,GTA,0.3333333333333333,2.6666666666666665
TAC,GTC,0.0,2.0
TAC,GTG,0.3333333333333333,2.6666666666666665
TAC,GTT,1.0,2.0
TAC,TAA,0.0,1.0
TAC,TAG,0.0,1.0
TAC,TAT,1.0,0.0
TAC,TCA,0.5,1.5
TAC,TCC,0.0,1.0
TAC,TCG,0.5,1.5
TAC,TCT,1.0,1.0
TAC,TGA,0.5,1.5
TAC,TGC,0.0,1.0
TAC,TGG,0.0,2.0
TAC,TGT,1.0,1.0
TAC,TTA,0.0,2.0
TAC,TTC,0.0,1.0
TAC,TTG,0.0,2.0
TAC,TTT,1.0,1.0
TAG,AAA,1.0,1.0
TAG,AAC,0.0,2.0
TAG,AAG,0.0,1.0
TAG,AAT,0.0,2.0
TAG,ACA,1.0,2.0
TAG,ACC,0.5,2.5
TAG,ACG,0.0,2.0
TAG,ACT,0.5,2.5
TAG,AGA,1.0,2.0
TAG,AGC,0.0,3.0
TAG,AGG,0.0,2.0
TAG,AGT,0.0,3.0
TAG,ATA,0.6666666666666666,2.3333333333333335
TAG,ATC,0.0,3.0
TAG,ATG,0.0,2.0
TAG,ATT,0.0,3.0
TAG,CAA,1.0,1.0
TAG,CAC,0.0,2.0
TAG,CAG,0.0,1.0
TAG,CAT,0.0,2.0
TAG,CCA,1.0,2.0
TAG,CCC,0.5,2.5
TAG,CCG,0.0,2.0
TAG,CCT,0.5,2.5
TAG,CGA,1.0,2.0
TAG,CGC,0.3333333333333333,2.6666666666666665
TAG,CGG,0.0,2.0
TAG,CGT,0.3333333333333333,2.6666666666666665
TAG,CTA,1.5,1.5
TAG,CTC,0.5,2.5
TAG,CTG,0.5,1.5
TAG,CTT,0.5,2.5
TAG,GAA,1.0,1.0
TAG,GAC,0.0,2.0
TAG,GAG,0.0,1.0
TAG,GAT,0.0,2.0
TAG,GCA,1.0,2.0
TAG,GCC,0.5,2.5
TAG,GCG,0.0,2.0
TAG,GCT,0.5,2.5
TAG,GGA,1.0,2.0
TAG,GGC,0.3333333333333333,2.6666666666666665
TAG,GGG,0.0,2.0
TAG,GGT,0.3333333333333333,2.6666666666666665
TAG,GTA,1.0,2.0
TAG,GTC,0.3333333333333333,2.6666666666666665
TAG,GTG,0.0,2.0
TAG,GTT,0.3333333333333333,2.6666666666666665
TAG,TAA,1.0,0.0
TAG,TAC,0.0,1.0
TAG,TAT,0.0,1.0
TAG,TCA,1.0,1.0
TAG,TCC,0.5,1.5
TAG,TCG,0.0,1.0
TAG,TCT,0.5,1.5
TAG,TGA,1.0,1.0
TAG,TGC,0.0,2.0
TAG,TGG,0.0,1.0
TAG,TGT,0.0,2.0
TAG,TTA,1.0,1.0
TAG,TTC,0.0,2.0
TAG,TTG,0.0,1.0
TAG,TTT,0.0,2.0
TAT,AAA,0.0,2.0
TAT,AAC,1.0,1.0
TAT,AAG,0.0,2.0
TAT,AAT,0.0,1.0
TAT,ACA,0.5,2.5
TAT,ACC,1.0,2.0
TAT,ACG,0.5,2.5
TAT,ACT,0.0,2.0
TAT,AGA,0.16666666666666666,2.8333333333333335
TAT,AGC,1.0,2.0
TAT,AGG,0.0,3.0
TAT,AGT,0.0,2.0
TAT,ATA,0.3333333333333333,2.6666666666666665
TAT,ATC,1.0,2.0
TAT,ATG,0.0,3.0
TAT,ATT,0.0,2.0
TAT,CAA,0.0,2.0
TAT,CAC,1.0,1.0
TAT,CAG,0.0,2.0
TAT,CAT,0.0,1.0
TAT,CCA,0.5,2.5
TAT,CCC,1.0,2.0
TAT,CCG,0.5,2.5
TAT,CCT,0.0,2.0
TAT,CGA,0.5,2.5
TAT,CGC,1.0,2.0
TAT,CGG,0.3333333333333333,2.6666666666666665
TAT,CGT,0.0,2.0
TAT,CTA,0.6666666666666666,2.3333333333333335
TAT,CTC,1.0,2.0
TAT,CTG,0.6666666666666666,2.3333333333333335
TAT,CTT,0.0,2.0
TAT,GAA,0.0,2.0
TAT,GAC,1.0,1.0
TAT,GAG,0.0,2.0
TAT,GAT,0.0,1.0
TAT,GCA,0.5,2.5
TAT,GCC,1.0,2.0
TAT,GCG,0.5,2.5
TAT,GCT,0.0,2.0
TAT,GGA,0.5,2.5
TAT,GGC,1.0,2.0
TAT,GGG,0.3333333333333333,2.6666666666666665
TAT,GGT,0.0,2.0
TAT,GTA,0.3333333333333333,2.6666666666666665
TAT,GTC,1.0,2.0
TAT,GTG,0.3333333333333333,2.6666666666666665
TAT,GTT,0.0,2.0
TAT,TAA,0.0,1.0
TAT,TAC,1.0,0.0
TAT,TAG,0.0,1.0
TAT,TCA,0.5,1.5
TAT,TCC,1.0,1.0
TAT,TCG,0.5,1.5
TAT,TCT,0.0,1.0
TAT,TGA,0.5,1.5
TAT,TGC,1.0,1.0
TAT,TGG,0.0,2.0
TAT,TGT,0.0,1.0
TAT,TTA,0.0,2.0
TAT,TTC,1.0,1.0
TAT,TTG,0.0,2.0
TAT,TTT,0.0,1.0
TCA,AAA,0.0,2.0
TCA,AAC,0.5,2.5
TCA,AAG,1.0,2.0
TCA,AAT,0.5,2.5
TCA,ACA,0.0,1.0
TCA,ACC,1.0,1.0
TCA,ACG,1.0,1.0
TCA,ACT,1.0,1.0
TCA,AGA,0.0,2.0
TCA,AGC,0.5,2.5
TCA,AGG,0.8333333333333334,2.1666666666666665
TCA,AGT,0.5,2.5
TCA,ATA,0.0,2.0
TCA,ATC,0.8333333333333334,2.1666666666666665
TCA,ATG,0.6666666666666666,2.3333333333333335
TCA,ATT,0.8333333333333334,2.1666666666666665
TCA,CAA,0.0,2.0
TCA,CAC,0.5,2.5
TCA,CAG,1.0,2.0
TCA,CAT,0.5,2.5
TCA,CCA,0.0,1.0
TCA,CCC,1.0,1.0
TCA,CCG,1.0,1.0
TCA,CCT,1.0,1.0
TCA,CGA,0.0,2.0
TCA,CGC,0.8333333333333334,2.1666666666666665
TCA,CGG,0.8333333333333334,2.1666666666666665
TCA,CGT,0.8333333333333334,2.1666666666666665
TCA,CTA,0.5,1.5
TCA,CTC,1.0,2.0
TCA,CTG,1.5,1.5
TCA,CTT,1.0,2.0
TCA,GAA,0.0,2.0
TCA,GAC,0.5,2.5
TCA,GAG,1.0,2.0
TCA,GAT,0.5,2.5
TCA,GCA,0.0,1.0
TCA,GCC,1.0,1.0
TCA,GCG,1.0,1.0
TCA,GCT,1.0,1.0
TCA,GGA,0.0,2.0
TCA,GGC,0.8333333333333334,2.1666666666666665
TCA,GGG,0.8333333333333334,2.1666666666666665
TCA,GGT,0.8333333333333334,2.1666666666666665
TCA,GTA,0.0,2.0
TCA,GTC,0.8333333333333334,2.1666666666666665
TCA,GTG,1.0,2.0
TCA,GTT,0.8333333333333334,2.1666666666666665
TCA,TAA,0.0,1.0
TCA,TAC,0.5,1.5
TCA,TAG,1.0,1.0
TCA,TAT,0.5,1.5
TCA,TCC,1.0,0.0
TCA,TCG,1.0,0.0
TCA,TCT,1.0,0.0
TCA,TGA,0.0,1.0
TCA,TGC,0.5,1.5
TCA,TGG,0.5,1.5
TCA,TGT,0.5,1.5
TCA,TTA,0.0,1.0
TCA,TTC,0.5,1.5
TCA,TTG,1.0,1.0
TCA,TTT,0.5,1.5
TCC,AAA,0.5,2.5
TCC,AAC,0.0,2.0
TCC,AAG,0.5,2.5
TCC,AAT,1.0,2.0
TCC,ACA,1.0,1.0
TCC,ACC,0.0,1.0
TCC,ACG,1.0,1.0
TCC,ACT,1.0,1.0
TCC,AGA,0.5,2.5
TCC,AGC,0.0,2.0
TCC,AGG,0.5,2.5
TCC,AGT,1.0,2.0
TCC,ATA,0.8333333333333334,2.1666666666666665
TCC,ATC,0.0,2.0
TCC,ATG,0.5,2.5
TCC,ATT,1.0,2.0
TCC,CAA,0.5,2.5
TCC,CAC,0.0,2.0
TCC,CAG,0.5,2.5
TCC,CAT,1.0,2.0
TCC,CCA,1.0,1.0
TCC,CCC,0.0,1.0
TCC,CCG,1.0,1.0
TCC,CCT,1.0,1.0
TCC,CGA,0.8333333333333334,2.1666666666666665
TCC,CGC,0.0,2.0
TCC,CGG,0.8333333333333334,2.1666666666666665
TCC,CGT,1.0,2.0
TCC,CTA,1.1666666666666667,1.8333333333333333
TCC,CTC,0.0,2.0
TCC,CTG,1.1666666666666667,1.8333333333333333
TCC,CTT,1.0,2.0
TCC,GAA,0.5,2.5
TCC,GAC,0.0,2.0
TCC,GAG,0.5,2.5
TCC,GAT,1.0,2.0
TCC,GCA,1.0,1.0
TCC,GCC,0.0,1.0
TCC,GCG,1.0,1.0
TCC,GCT,1.0,1.0
TCC,GGA,0.8333333333333334,2.1666666666666665
TCC,GGC,0.0,2.0
TCC,GGG,0.8333333333333334,2.1666666666666665
TCC,GGT,1.0,2.0
TCC,GTA,0.8333333333333334,2.1666666666666665
TCC,GTC,0.0,2.0
TCC,GTG,0.8333333333333334,2.1666666666666665
TCC,GTT,1.0,2.0
TCC,TAA,0.5,1.5
TCC,TAC,0.0,1.0
TCC,TAG,0.5,1.5
TCC,TAT,1.0,1.0
TCC,TCA,1.0,0.0
TCC,TCG,1.0,0.0
TCC,TCT,1.0,0.0
TCC,TGA,0.5,1.5
TCC,TGC,0.0,1.0
TCC,TGG,0.5,1.5
TCC,TGT,1.0,1.0
TCC,TTA,0.5,1.5
TCC,TTC,0.0,1.0
TCC,TTG,0.5,1.5
TCC,TTT,1.0,1.0
TCG,AAA,1.0,2.0
TCG,AAC,0.5,2.5
TCG,AAG,0.0,2.0
TCG,AAT,0.5,2.5
TCG,ACA,1.0,1.0
TCG,ACC,1.0,1.0
TCG,ACG,0.0,1.0
TCG,ACT,1.0,1.0
TCG,AGA,0.8333333333333334,2.1666666666666665
TCG,AGC,0.5,2.5
TCG,AGG,0.0,2.0
TCG,AGT,0.5,2.5
TCG,ATA,0.6666666666666666,2.3333333333333335
TCG,ATC,0.5,2.5
TCG,ATG,0.0,2.0
TCG,ATT,0.5,2.5
TCG,CAA,1.0,2.0
TCG,CAC,0.5,2.5
TCG,CAG,0.0,2.0
TCG,CAT,0.5,2.5
TCG,CCA,1.0,1.0
TCG,CCC,1.0,1.0
TCG,CCG,0.0,1.0
TCG,CCT,1.0,1.0
TCG,CGA,0.8333333333333334,2.1666666666666665
TCG,CGC,0.8333333333333334,2.1666666666666665
TCG,CGG,0.0,2.0
TCG,CGT,0.8333333333333334,2.1666666666666665
TCG,CTA,1.5,1.5
TCG,CTC,1.0,2.0
TCG,CTG,0.5,1.5
TCG,CTT,1.0,2.0
TCG,GAA,1.0,2.0
TCG,GAC,0.5,2.5
TCG,GAG,0.0,2.0
TCG,GAT,0.5,2.5
TCG,GCA,1.0,1.0
TCG,GCC,1.0,1.0
TCG,GCG,0.0,1.0
TCG,GCT,1.0,1.0
TCG,GGA,0.8333333333333334,2.1666666666666665
TCG,GGC,0.8333333333333334,2.1666666666666665
TCG,GGG,0.0,2.0
TCG,GGT,0.8333333333333334,2.1666666666666665
TCG,GTA,1.0,2.0
TCG,GTC,0.8333333333333334,2.1666666666666665
TCG,GTG,0.0,2.0
TCG,GTT,0.8333333333333334,2.1666666666666665
TCG,TAA,1.0,1.0
TCG,TAC,0.5,1.5
TCG,TAG,0.0,1.0
TCG,TAT,0.5,1.5
TCG,TCA,1.0,0.0
TCG,TCC,1.0,0.0
TCG,TCT,1.0,0.0
TCG,TGA,0.5,1.5
TCG,TGC,0.5,1.5
TCG,TGG,0.0,1.0
TCG,TGT,0.5,1.5
TCG,TTA,1.0,1.0
TCG,TTC,0.5,1.5
TCG,TTG,0.0,1.0
TCG,TTT,0.5,1.5
TCT,AAA,0.5,2.5
TCT,AAC,1.0,2.0
TCT,AAG,0.5,2.5
TCT,AAT,0.0,2.0
TCT,ACA,1.0,1.0
TCT,ACC,1.0,1.0
TCT,ACG,1.0,1.0
TCT,ACT,0.0,1.0
TCT,AGA,0.5,2.5
TCT,AGC,1.0,2.0
TCT,AGG,0.5,2.5
TCT,AGT,0.0,2.0
TCT,ATA,0.8333333333333334,2.1666666666666665
TCT,ATC,1.0,2.0
TCT,ATG,0.5,2.5
TCT,ATT,0.0,2.0
TCT,CAA,0.5,2.5
TCT,CAC,1.0,2.0
TCT,CAG,0.5,2.5
TCT,CAT,0.0,2.0
TCT,CCA,1.0,1.0
TCT,CCC,1.0,1.0
TCT,CCG,1.0,1.0
TCT,CCT,0.0,1.0
TCT,CGA,0.8333333333333334,2.1666666666666665
TCT,CGC,1.0,2.0
TCT,CGG,0.8333333333333334,2.1666666666666665
TCT,CGT,0.0,2.0
TCT,CTA,1.1666666666666667,1.8333333333333333
TCT,CTC,1.0,2.0
TCT,CTG,1.1666666666666667,1.8333333333333333
TCT,CTT,0.0,2.0
TCT,GAA,0.5,2.5
TCT,GAC,1.0,2.0
TCT,GAG,0.5,2.5
TCT,GAT,0.0,2.0
TCT,GCA,1.0,1.0
TCT,GCC,1.0,1.0
TCT,GCG,1.0,1.0
TCT,GCT,0.0,1.0
TCT,GGA,0.8333333333333334,2.1666666666666665
TCT,GGC,1.0,2.0
TCT,GGG,0.8333333333333334,2.1666666666666665
TCT,GGT,0.0,2.0
TCT,GTA,0.8333333333333334,2.1666666666666665
TCT,GTC,1.0,2.0
TCT,GTG,0.8333333333333334,2.1666666666666665
TCT,GTT,0.0,2.0
TCT,TAA,0.5,1.5
TCT,TAC,1.0,1.0
TCT,TAG,0.5,1.5
TCT,TAT,0.0,1.0
TCT,TCA,1.0,0.0
TCT,TCC,1.0,0.0
TCT,TCG,1.0,0.0
TCT,TGA,0.5,1.5
TCT,TGC,1.0,1.0
TCT,TGG,0.5,1.5
TCT,TGT,0.0,1.0
TCT,TTA,0.5,1.5
TCT,TTC,1.0,1.0
TCT,TTG,0.5,1.5
TCT,TTT,0.0,1.0
TGA,AAA,0.5,1.5
TGA,AAC,0.3333333333333333,2.6666666666666665
TGA,AAG,1.0,2.0
TGA,AAT,0.3333333333333333,2.6666666666666665
TGA,ACA,0.0,2.0
TGA,ACC,0.5,2.5
TGA,ACG,0.6666666666666666,2.3333333333333335
TGA,ACT,0.5,2.5
TGA,AGA,0.0,1.0
TGA,AGC,0.0,2.0
TGA,AGG,0.5,1.5
TGA,AGT,0.0,2.0
TGA,ATA,0.0,2.0
TGA,ATC,0.3333333333333333,2.6666666666666665
TGA,ATG,0.3333333333333333,2.6666666666666665
TGA,ATT,0.3333333333333333,2.6666666666666665
TGA,CAA,0.5,1.5
TGA,CAC,0.5,2.5
TGA,CAG,1.0,2.0
TGA,CAT,0.5,2.5
TGA,CCA,0.0,2.0
TGA,CCC,0.6666666666666666,2.3333333333333335
TGA,CCG,0.6666666666666666,2.3333333333333335
TGA,CCT,0.6666666666666666,2.3333333333333335
TGA,CGA,0.0,1.0
TGA,CGC,0.5,1.5
TGA,CGG,0.5,1.5
TGA,CGT,0.5,1.5
TGA,CTA,0.5,1.5
TGA,CTC,0.6666666666666666,2.3333333333333335
TGA,CTG,1.1666666666666667,1.8333333333333333
TGA,CTT,0.6666666666666666,2.3333333333333335
TGA,GAA,0.5,1.5
TGA,GAC,0.5,2.5
TGA,GAG,1.0,2.0
TGA,GAT,0.5,2.5
TGA,GCA,0.0,2.0
TGA,GCC,0.6666666666666666,2.3333333333333335
TGA,GCG,0.6666666666666666,2.3333333333333335
TGA,GCT,0.6666666666666666,2.3333333333333335
TGA,GGA,0.0,1.0
TGA,GGC,0.5,1.5
TGA,GGG,0.5,1.5
TGA,GGT,0.5,1.5
TGA,GTA,0.0,2.0
TGA,GTC,0.5,2.5
TGA,GTG,0.6666666666666666,2.3333333333333335
TGA,GTT,0.5,2.5
TGA,TAA,1.0,0.0
TGA,TAC,0.5,1.5
TGA,TAG,1.0,1.0
TGA,TAT,0.5,1.5
TGA,TCA,0.0,1.0
TGA,TCC,0.5,1.5
TGA,TCG,0.5,1.5
TGA,TCT,0.5,1.5
TGA,TGC,0.0,1.0
TGA,TGG,0.0,1.0
TGA,TGT,0.0,1.0
TGA,TTA,0.0,1.0
TGA,TTC,0.0,2.0
TGA,TTG,0.5,1.5
TGA,TTT,0.0,2.0
TGC,AAA,0.16666666666666666,2.8333333333333335
TGC,AAC,0.0,2.0
TGC,AAG,0.0,3.0
TGC,AAT,1.0,2.0
TGC,ACA,0.5,2.5
TGC,ACC,0.0,2.0
TGC,ACG,0.5,2.5
TGC,ACT,1.0,2.0
TGC,AGA,0.0,2.0
TGC,AGC,0.0,1.0
TGC,AGG,0.0,2.0
TGC,AGT,1.0,1.0
TGC,ATA,0.3333333333333333,2.6666666666666665
TGC,ATC,0.0,2.0
TGC,ATG,0.0,3.0
TGC,ATT,1.0,2.0
TGC,CAA,0.3333333333333333,2.6666666666666665
TGC,CAC,0.0,2.0
TGC,CAG,0.16666666666666666,2.8333333333333335
TGC,CAT,1.0,2.0
TGC,CCA,0.6666666666666666,2.3333333333333335
TGC,CCC,0.0,2.0
TGC,CCG,0.6666666666666666,2.3333333333333335
TGC,CCT,1.0,2.0
TGC,CGA,0.5,1.5
TGC,CGC,0.0,1.0
TGC,CGG,0.5,1.5
TGC,CGT,1.0,1.0
TGC,CTA,0.8333333333333334,2.1666666666666665
TGC,CTC,0.0,2.0
TGC,CTG,0.8333333333333334,2.1666666666666665
TGC,CTT,1.0,2.0
TGC,GAA,0.3333333333333333,2.6666666666666665
TGC,GAC,0.0,2.0
TGC,GAG,0.16666666666666666,2.8333333333333335
TGC,GAT,1.0,2.0
TGC,GCA,0.6666666666666666,2.3333333333333335
TGC,GCC,0.0,2.0
TGC,GCG,0.6666666666666666,2.3333333333333335
TGC,GCT,1.0,2.0
TGC,GGA,0.5,1.5
TGC,GGC,0.0,1.0
TGC,GGG,0.5,1.5
TGC,GGT,1.0,1.0
TGC,GTA,0.5,2.5
TGC,GTC,0.0,2.0
TGC,GTG,0.5,2.5
TGC,GTT,1.0,2.0
TGC,TAA,0.5,1.5
TGC,TAC,0.0,1.0
TGC,TAG,0.0,2.0
TGC,TAT,1.0,1.0
TGC,TCA,0.5,1.5
TGC,TCC,0.0,1.0
TGC,TCG,0.5,1.5
TGC,TCT,1.0,1.0
TGC,TGA,0.0,1.0
TGC,TGG,0.0,1.0
TGC,TGT,1.0,0.0
TGC,TTA,0.0,2.0
TGC,TTC,0.0,1.0
TGC,TTG,0.0,2.0
TGC,TTT,1.0,1.0
TGG,AAA,0.8333333333333334,2.1666666666666665
TGG,AAC,0.0,3.0
TGG,AAG,0.0,2.0
TGG,AAT,0.0,3.0
TGG,ACA,0.6666666666666666,2.3333333333333335
TGG,ACC,0.5,2.5
TGG,ACG,0.0,2.0
TGG,ACT,0.5,2.5
TGG,AGA,0.5,1.5
TGG,AGC,0.0,2.0
TGG,AGG,0.0,1.0
TGG,AGT,0.0,2.0
TGG,ATA,0.3333333333333333,2.6666666666666665
TGG,ATC,0.0,3.0
TGG,ATG,0.0,2.0
TGG,ATT,0.0,3.0
TGG,CAA,0.8333333333333334,2.1666666666666665
TGG,CAC,0.16666666666666666,2.8333333333333335
TGG,CAG,0.0,2.0
TGG,CAT,0.16666666666666666,2.8333333333333335
TGG,CCA,0.6666666666666666,2.3333333333333335
TGG,CCC,0.6666666666666666,2.3333333333333335
TGG,CCG,0.0,2.0
TGG,CCT,0.6666666666666666,2.3333333333333335
TGG,CGA,0.5,1.5
TGG,CGC,0.5,1.5
TGG,CGG,0.0,1.0
TGG,CGT,0.5,1.5
TGG,CTA,1.1666666666666667,1.8333333333333333
TGG,CTC,0.6666666666666666,2.3333333333333335
TGG,CTG,0.5,1.5
TGG,CTT,0.6666666666666666,2.3333333333333335
TGG,GAA,0.8333333333333334,2.1666666666666665
TGG,GAC,0.16666666666666666,2.8333333333333335
TGG,GAG,0.0,2.0
TGG,GAT,0.16666666666666666,2.8333333333333335
TGG,GCA,0.6666666666666666,2.3333333333333335
TGG,GCC,0.6666666666666666,2.3333333333333335
TGG,GCG,0.0,2.0
TGG,GCT,0.6666666666666666,2.3333333333333335
TGG,GGA,0.5,1.5
TGG,GGC,0.5,1.5
TGG,GGG,0.0,1.0
TGG,GGT,0.5,1.5
TGG,GTA,0.6666666666666666,2.3333333333333335
TGG,GTC,0.5,2.5
TGG,GTG,0.0,2.0
TGG,GTT,0.5,2.5
TGG,TAA,1.0,1.0
TGG,TAC,0.0,2.0
TGG,TAG,0.0,1.0
TGG,TAT,0.0,2.0
TGG,TCA,0.5,1.5
TGG,TCC,0.5,1.5
TGG,TCG,0.0,1.0
TGG,TCT,0.5,1.5
TGG,TGA,0.0,1.0
TGG,TGC,0.0,1.0
TGG,TGT,0.0,1.0
TGG,TTA,0.5,1.5
TGG,TTC,0.0,2.0
TGG,TTG,0.0,1.0
TGG,TTT,0.0,2.0
TGT,AAA,0.16666666666666666,2.8333333333333335
TGT,AAC,1.0,2.0
TGT,AAG,0.0,3.0
TGT,AAT,0.0,2.0
TGT,ACA,0.5,2.5
TGT,ACC,1.0,2.0
TGT,ACG,0.5,2.5
TGT,ACT,0.0,2.0
TGT,AGA,0.0,2.0
TGT,AGC,1.0,1.0
TGT,AGG,0.0,2.0
TGT,AGT,0.0,1.0
TGT,ATA,0.3333333333333333,2.6666666666666665
TGT,ATC,1.0,2.0
TGT,ATG,0.0,3.0
TGT,ATT,0.0,2.0
TGT,CAA,0.3333333333333333,2.6666666666666665
TGT,CAC,1.0,2.0
TGT,CAG,0.16666666666666666,2.8333333333333335
TGT,CAT,0.0,2.0
TGT,CCA,0.6666666666666666,2.3333333333333335
TGT,CCC,1.0,2.0
TGT,CCG,0.6666666666666666,2.3333333333333335
TGT,CCT,0.0,2.0
TGT,CGA,0.5,1.5
TGT,CGC,1.0,1.0
TGT,CGG,0.5,1.5
TGT,CGT,0.0,1.0
TGT,CTA,0.8333333333333334,2.1666666666666665
TGT,CTC,1.0,2.0
TGT,CTG,0.8333333333333334,2.1666666666666665
TGT,CTT,0.0,2.0
TGT,GAA,0.3333333333333333,2.6666666666666665
TGT,GAC,1.0,2.0
TGT,GAG,0.16666666666666666,2.8333333333333335
TGT,GAT,0.0,2.0
TGT,GCA,0.6666666666666666,2.3333333333333335
TGT,GCC,1.0,2.0
TGT,GCG,0.6666666666666666,2.3333333333333335
TGT,GCT,0.0,2.0
TGT,GGA,0.5,1.5
TGT,GGC,1.0,1.0
TGT,GGG,0.5,1.5
TGT,GGT,0.0,1.0
TGT,GTA,0.5,2.5
TGT,GTC,1.0,2.0
TGT,GTG,0.5,2.5
TGT,GTT,0.0,2.0
TGT,TAA,0.5,1.5
TGT,TAC,1.0,1.0
TGT,TAG,0.0,2.0
TGT,TAT,0.0,1.0
TGT,TCA,0.5,1.5
TGT,TCC,1.0,1.0
TGT,TCG,0.5,1.5
TGT,TCT,0.0,1.0
TGT,TGA,0.0,1.0
TGT,TGC,1.0,0.0
TGT,TGG,0.0,1.0
TGT,TTA,0.0,2.0
TGT,TTC,1.0,1.0
TGT,TTG,0.0,2.0
TGT,TTT,0.0,1.0
TTA,AAA,0.0,2.0
TTA,AAC,0.16666666666666666,2.8333333333333335
TTA,AAG,0.8333333333333334,2.1666666666666665
TTA,AAT,0.16666666666666666,2.8333333333333335
TTA,ACA,0.0,2.0
TTA,ACC,0.6666666666666666,2.3333333333333335
TTA,ACG,0.8333333333333334,2.1666666666666665
TTA,ACT,0.6666666666666666,2.3333333333333335
TTA,AGA,0.0,2.0
TTA,AGC,0.16666666666666666,2.8333333333333335
TTA,AGG,0.6666666666666666,2.3333333333333335
TTA,AGT,0.16666666666666666,2.8333333333333335
TTA,ATA,0.0,1.0
TTA,ATC,0.5,1.5
TTA,ATG,0.5,1.5
TTA,ATT,0.5,1.5
TTA,CAA,0.5,1.5
TTA,CAC,0.5,2.5
TTA,CAG,1.5,1.5
TTA,CAT,0.5,2.5
TTA,CCA,0.5,1.5
TTA,CCC,1.0,2.0
TTA,CCG,1.5,1.5
TTA,CCT,1.0,2.0
TTA,CGA,0.5,1.5
TTA,CGC,0.8333333333333334,2.1666666666666665
TTA,CGG,1.3333333333333333,1.6666666666666667
TTA,CGT,0.8333333333333334,2.1666666666666665
TTA,CTA,1.0,0.0
TTA,CTC,1.0,1.0
TTA,CTG,2.0,0.0
TTA,CTT,1.0,1.0
TTA,GAA,0.0,2.0
TTA,GAC,0.16666666666666666,2.8333333333333335
TTA,GAG,1.0,2.0
TTA,GAT,0.16666666666666666,2.8333333333333335
TTA,GCA,0.0,2.0
TTA,GCC,0.6666666666666666,2.3333333333333335
TTA,GCG,1.0,2.0
TTA,GCT,0.6666666666666666,2.3333333333333335
TTA,GGA,0.0,2.0
TTA,GGC,0.5,2.5
TTA,GGG,0.8333333333333334,2.1666666666666665
TTA,GGT,0.5,2.5
TTA,GTA,0.0,1.0
TTA,GTC,0.5,1.5
TTA,GTG,1.0,1.0
TTA,GTT,0.5,1.5
TTA,TAA,0.0,1.0
TTA,TAC,0.0,2.0
TTA,TAG,1.0,1.0
TTA,TAT,0.0,2.0
TTA,TCA,0.0,1.0
TTA,TCC,0.5,1.5
TTA,TCG,1.0,1.0
TTA,TCT,0.5,1.5
TTA,TGA,0.0,1.0
TTA,TGC,0.0,2.0
TTA,TGG,0.5,1.5
TTA,TGT,0.0,2.0
TTA,TTC,0.0,1.0
TTA,TTG,1.0,0.0
TTA,TTT,0.0,1.0
TTC,AAA,0.16666666666666666,2.8333333333333335
TTC,AAC,0.0,2.0
TTC,AAG,0.0,3.0
TTC,AAT,1.0,2.0
TTC,ACA,0.6666666666666666,2.3333333333333335
TTC,ACC,0.0,2.0
TTC,ACG,0.5,2.5
TTC,ACT,1.0,2.0
TTC,AGA,0.16666666666666666,2.8333333333333335
TTC,AGC,0.0,2.0
TTC,AGG,0.0,3.0
TTC,AGT,1.0,2.0
TTC,ATA,0.5,1.5
TTC,ATC,0.0,1.0
TTC,ATG,0.0,2.0
TTC,ATT,1.0,1.0
TTC,CAA,0.3333333333333333,2.6666666666666665
TTC,CAC,0.0,2.0
TTC,CAG,0.3333333333333333,2.6666666666666665
TTC,CAT,1.0,2.0
TTC,CCA,0.8333333333333334,2.1666666666666665
TTC,CCC,0.0,2.0
TTC,CCG,0.8333333333333334,2.1666666666666665
TTC,CCT,1.0,2.0
TTC,CGA,0.6666666666666666,2.3333333333333335
TTC,CGC,0.0,2.0
TTC,CGG,0.6666666666666666,2.3333333333333335
TTC,CGT,1.0,2.0
TTC,CTA,1.0,1.0
TTC,CTC,0.0,1.0
TTC,CTG,1.0,1.0
TTC,CTT,1.0,1.0
TTC,GAA,0.16666666666666666,2.8333333333333335
TTC,GAC,0.0,2.0
TTC,GAG,0.16666666666666666,2.8333333333333335
TTC,GAT,1.0,2.0
TTC,GCA,0.6666666666666666,2.3333333333333335
TTC,GCC,0.0,2.0
TTC,GCG,0.6666666666666666,2.3333333333333335
TTC,GCT,1.0,2.0
TTC,GGA,0.5,2.5
TTC,GGC,0.0,2.0
TTC,GGG,0.5,2.5
TTC,GGT,1.0,2.0
TTC,GTA,0.5,1.5
TTC,GTC,0.0,1.0
TTC,GTG,0.5,1.5
TTC,GTT,1.0,1.0
TTC,TAA,0.0,2.0
TTC,TAC,0.0,1.0
TTC,TAG,0.0,2.0
TTC,TAT,1.0,1.0
TTC,TCA,0.5,1.5
TTC,TCC,0.0,1.0
TTC,TCG,0.5,1.5
TTC,TCT,1.0,1.0
TTC,TGA,0.0,2.0
TTC,TGC,0.0,1.0
TTC,TGG,0.0,2.0
TTC,TGT,1.0,1.0
TTC,TTA,0.0,1.0
TTC,TTG,0.0,1.0
TTC,TTT,1.0,0.0
TTG,AAA,0.8333333333333334,2.1666666666666665
TTG,AAC,0.0,3.0
TTG,AAG,0.0,2.0
TTG,AAT,0.0,3.0
TTG,ACA,0.8333333333333334,2.1666666666666665
TTG,ACC,0.5,2.5
TTG,ACG,0.0,2.0
TTG,ACT,0.5,2.5
TTG,AGA,0.6666666666666666,2.3333333333333335
TTG,AGC,0.0,3.0
TTG,AGG,0.0,2.0
TTG,AGT,0.0,3.0
TTG,ATA,0.5,1.5
TTG,ATC,0.0,2.0
TTG,ATG,0.0,1.0
TTG,ATT,0.0,2.0
TTG,CAA,1.5,1.5
TTG,CAC,0.5,2.5
TTG,CAG,0.5,1.5
TTG,CAT,0.5,2.5
TTG,CCA,1.5,1.5
TTG,CCC,1.0,2.0
TTG,CCG,0.5,1.5
TTG,CCT,1.0,2.0
TTG,CGA,1.3333333333333333,1.6666666666666667
TTG,CGC,0.8333333333333334,2.1666666666666665
TTG,CGG,0.5,1.5
TTG,CGT,0.8333333333333334,2.1666666666666665
TTG,CTA,2.0,0.0
TTG,CTC,1.0,1.0
TTG,CTG,1.0,0.0
TTG,CTT,1.0,1.0
TTG,GAA,1.0,2.0
TTG,GAC,0.16666666666666666,2.8333333333333335
TTG,GAG,0.0,2.0
TTG,GAT,0.16666666666666666,2.8333333333333335
TTG,GCA,1.0,2.0
TTG,GCC,0.6666666666666666,2.3333333333333335
TTG,GCG,0.0,2.0
TTG,GCT,0.6666666666666666,2.3333333333333335
TTG,GGA,0.8333333333333334,2.1666666666666665
TTG,GGC,0.5,2.5
TTG,GGG,0.0,2.0
TTG,GGT,0.5,2.5
TTG,GTA,1.0,1.0
TTG,GTC,0.5,1.5
TTG,GTG,0.0,1.0
TTG,GTT,0.5,1.5
TTG,TAA,1.0,1.0
TTG,TAC,0.0,2.0
TTG,TAG,0.0,1.0
TTG,TAT,0.0,2.0
TTG,TCA,1.0,1.0
TTG,TCC,0.5,1.5
TTG,TCG,0.0,1.0
TTG,TCT,0.5,1.5
TTG,TGA,0.5,1.5
TTG,TGC,0.0,2.0
TTG,TGG,0.0,1.0
TTG,TGT,0.0,2.0
TTG,TTA,1.0,0.0
TTG,TTC,0.0,1.0
TTG,TTT,0.0,1.0
TTT,AAA,0.16666666666666666,2.8333333333333335
TTT,AAC,1.0,2.0
TTT,AAG,0.0,3.0
TTT,AAT,0.0,2.0
TTT,ACA,0.6666666666666666,2.3333333333333335
TTT,ACC,1.0,2.0
TTT,ACG,0.5,2.5
TTT,ACT,0.0,2.0
TTT,AGA,0.16666666666666666,2.8333333333333335
TTT,AGC,1.0,2.0
TTT,AGG,0.0,3.0
TTT,AGT,0.0,2.0
TTT,ATA,0.5,1.5
TTT,ATC,1.0,1.0
TTT,ATG,0.0,2.0
TTT,ATT,0.0,1.0
TTT,CAA,0.3333333333333333,2.6666666666666665
TTT,CAC,1.0,2.0
TTT,CAG,0.3333333333333333,2.6666666666666665
TTT,CAT,0.0,2.0
TTT,CCA,0.8333333333333334,2.1666666666666665
TTT,CCC,1.0,2.0
TTT,CCG,0.8333333333333334,2.1666666666666665
TTT,CCT,0.0,2.0
TTT,CGA,0.6666666666666666,2.3333333333333335
TTT,CGC,1.0,2.0
TTT,CGG,0.6666666666666666,2.3333333333333335
TTT,CGT,0.0,2.0
TTT,CTA,1.0,1.0
TTT,CTC,1.0,1.0
TTT,CTG,1.0,1.0
TTT,CTT,0.0,1.0
TTT,GAA,0.16666666666666666,2.8333333333333335
TTT,GAC,1.0,2.0
TTT,GAG,0.16666666666666666,2.8333333333333335
TTT,GAT,0.0,2.0
TTT,GCA,0.6666666666666666,2.3333333333333335
TTT,GCC,1.0,2.0
TTT,GCG,0.6666666666666666,2.3333333333333335
TTT,GCT,0.0,2.0
TTT,GGA,0.5,2.5
TTT,GGC,1.0,2.0
TTT,GGG,0.5,2.5
TTT,GGT,0.0,2.0
TTT,GTA,0.5,1.5
TTT,GTC,1.0,1.0
TTT,GTG,0.5,1.5
TTT,GTT,0.0,1.0
TTT,TAA,0.0,2.0
TTT,TAC,1.0,1.0
TTT,TAG,0.0,2.0
TTT,TAT,0.0,1.0
TTT,TCA,0.5,1.5
TTT,TCC,1.0,1.0
TTT,TCG,0.5,1.5
TTT,TCT,0.0,1.0
TTT,TGA,0.0,2.0
TTT,TGC,1.0,1.0
TTT,TGG,0.0,2.0
TTT,TGT,0.0,1.0
TTT,TTA,0.0,1.0
TTT,TTC,1.0,0.0
TTT,TTG,0.0,1.0
AAA,AAA,0.0,0.0
AAC,AAC,0.0,0.0
AAG,AAG,0.0,0.0
AAT,AAT,0.0,0.0
ACA,ACA,0.0,0.0
ACC,ACC,0.0,0.0
ACG,ACG,0.0,0.0
ACT,ACT,0.0,0.0
AGA,AGA,0.0,0.0
AGC,AGC,0.0,0.0
AGG,AGG,0.0,0.0
AGT,AGT,0.0,0.0
ATA,ATA,0.0,0.0
ATC,ATC,0.0,0.0
ATG,ATG,0.0,0.0
ATT,ATT,0.0,0.0
CAA,CAA,0.0,0.0
CAC,CAC,0.0,0.0
CAG,CAG,0.0,0.0
CAT,CAT,0.0,0.0
CCA,CCA,0.0,0.0
CCC,CCC,0.0,0.0
CCG,CCG,0.0,0.0
CCT,CCT,0.0,0.0
CGA,CGA,0.0,0.0
CGC,CGC,0.0,0.0
CGG,CGG,0.0,0.0
CGT,CGT,0.0,0.0
CTA,CTA,0.0,0.0
CTC,CTC,0.0,0.0
CTG,CTG,0.0,0.0
CTT,CTT,0.0,0.0
GAA,GAA,0.0,0.0
GAC,GAC,0.0,0.0
GAG,GAG,0.0,0.0
GAT,GAT,0.0,0.0
GCA,GCA,0.0,0.0
GCC,GCC,0.0,0.0
GCG,GCG,0.0,0.0
GCT,GCT,0.0,0.0
GGA,GGA,0.0,0.0
GGC,GGC,0.0,0.0
GGG,GGG,0.0,0.0
GGT,GGT,0.0,0.0
GTA,GTA,0.0,0.0
GTC,GTC,0.0,0.0
GTG,GTG,0.0,0.0
GTT,GTT,0.0,0.0
TAA,TAA,0.0,0.0
TAC,TAC,0.0,0.0
TAG,TAG,0.0,0.0
TAT,TAT,0.0,0.0
TCA,TCA,0.0,0.0
TCC,TCC,0.0,0.0
TCG,TCG,0.0,0.0
TCT,TCT,0.0,0.0
TGA,TGA,0.0,0.0
TGC,TGC,0.0,0.0
TGG,TGG,0.0,0.0
TGT,TGT,0.0,0.0
TTA,TTA,0.0,0.0
TTC,TTC,0.0,0.0
TTG,TTG,0.0,0.0
TTT,TTT,0.0,0.0
